# path	line	family	sha	classification	migration
# line "*" classifies every match under a path prefix.
docs/	*	*	-	record	no-change
.githooks/pre-push	21	host	cd118f95555d	not-a-launch	no-change
.githooks/pre-push	24	host	f0e0d78b8301	host-pin-exec	must-change
.github/workflows/skill-evals.yml	53	host	e2114f238cbe	not-a-launch	no-change
.github/workflows/skill-evals.yml	55	host	6aa784d5ae9b	not-a-launch	no-change
.github/workflows/skill-evals.yml	74	host	9b39bc637582	not-a-launch	must-change
.github/workflows/skill-evals.yml	78	host	12a163c1a9d2	not-a-launch	no-change
.github/workflows/skill-evals.yml	80	host	410fa1ac0d48	not-a-launch	no-change
.github/workflows/skill-evals.yml	87	host	00fcfa1fbe2f	not-a-launch	no-change
.github/workflows/skill-evals.yml	91	host	b514290d0da5	not-a-launch	no-change
.github/workflows/skill-evals.yml	95	host	b30cd831149a	host-pin-nonexec	must-change
.github/workflows/skill-evals.yml	112	host	b9007a01920e	host-pin-nonexec	no-change
docs/superpowers/plans/2026-08-22-item48-pwsh7-feasibility.md	49	host	5bfb31281372	host-pin-nonexec	no-change
docs/superpowers/plans/2026-08-22-item48-pwsh7-feasibility.md	50	host	51d7f35e5337	host-pin-nonexec	no-change
docs/superpowers/plans/2026-08-22-item48-pwsh7-feasibility.md	75	host	e0b48e0c48a1	not-a-launch	no-change
docs/superpowers/plans/2026-08-22-item48-pwsh7-feasibility.md	151	host	618431232426	not-a-launch	no-change
docs/superpowers/plans/2026-08-22-item48-pwsh7-feasibility.md	213	host	2318bb518a71	not-a-launch	no-change
docs/superpowers/plans/2026-08-22-item48-pwsh7-feasibility.md	241	host	146148a2e7aa	doc-instruction	no-change
docs/superpowers/plans/2026-08-22-item48-pwsh7-feasibility.md	242	host	addc3e5b6ccd	doc-instruction	no-change
docs/superpowers/plans/2026-08-22-item48-pwsh7-feasibility.md	396	host	b6dc245dcdf7	not-a-launch	no-change
docs/superpowers/plans/2026-08-22-item48-pwsh7-feasibility.md	606	host	5e0b68b303ef	not-a-launch	no-change
docs/superpowers/plans/2026-08-22-item48-pwsh7-feasibility.md	757	host	fc055e9f6186	not-a-launch	no-change
docs/superpowers/plans/2026-08-22-item48-pwsh7-feasibility.md	946	host	e3d963021684	not-a-launch	no-change
docs/superpowers/plans/2026-08-22-item48-pwsh7-feasibility.md	947	host	b89a522e4906	not-a-launch	no-change
docs/superpowers/plans/2026-08-22-item48-pwsh7-feasibility.md	987	host	c60cc0fcec39	not-a-launch	no-change
docs/superpowers/plans/2026-08-22-item48-pwsh7-feasibility.md	1014	host	c07dd1758ab4	not-a-launch	no-change
docs/superpowers/plans/2026-08-22-item48-pwsh7-feasibility.md	1107	host	c60cc0fcec39	not-a-launch	no-change
docs/superpowers/plans/2026-08-22-item48-pwsh7-feasibility.md	1223	host	c07dd1758ab4	not-a-launch	no-change
docs/superpowers/plans/2026-08-22-item48-pwsh7-feasibility.md	1393	host	5339fd1fa9be	doc-instruction	no-change
docs/superpowers/plans/2026-08-22-item48-pwsh7-feasibility.md	1413	host	d4fa96f95e19	not-a-launch	no-change
docs/superpowers/plans/2026-08-22-item48-pwsh7-feasibility.md	1424	host	5535c7a820b6	doc-instruction	no-change
docs/superpowers/plans/2026-08-22-item48-pwsh7-feasibility.md	1435	host	0c11a45fc789	doc-instruction	no-change
docs/superpowers/plans/2026-08-22-item48-pwsh7-feasibility.md	1439	host	f165a71b8cfb	doc-instruction	no-change
docs/superpowers/plans/2026-08-22-item48-pwsh7-feasibility.md	1450	host	88e1e84239fd	not-a-launch	no-change
docs/superpowers/plans/2026-08-22-item48-pwsh7-feasibility.md	1451	host	9566a0372fcd	doc-instruction	no-change
docs/superpowers/plans/2026-08-22-item48-pwsh7-feasibility.md	1454	host	01a1111555a7	not-a-launch	no-change
docs/superpowers/plans/2026-08-22-item48-pwsh7-feasibility.md	1463	host	04cb6b2d207a	doc-instruction	no-change
docs/superpowers/plans/2026-08-22-item48-pwsh7-feasibility.md	1464	host	addc3e5b6ccd	doc-instruction	no-change
docs/superpowers/plans/2026-08-22-item48-pwsh7-feasibility.md	1483	host	740d76c59d6d	not-a-launch	no-change
docs/superpowers/plans/2026-08-22-item48-pwsh7-feasibility.md	1563	host	ea70a5f182fc	not-a-launch	no-change
docs/superpowers/plans/2026-08-22-item48-pwsh7-feasibility.md	1633	host	dc80b1a7b845	not-a-launch	no-change
docs/superpowers/plans/2026-08-22-item48-pwsh7-feasibility.md	1637	host	f04cae3c6a55	not-a-launch	no-change
docs/superpowers/plans/2026-08-22-item48-pwsh7-feasibility.md	1641	host	0eab0ec75d34	not-a-launch	no-change
docs/superpowers/plans/2026-08-22-item48-pwsh7-feasibility.md	1646	host	d84b26d1676c	not-a-launch	no-change
docs/superpowers/plans/2026-08-22-item48-pwsh7-feasibility.md	1665	host	ff6fa2f2ed71	not-a-launch	no-change
docs/superpowers/plans/2026-08-22-item48-pwsh7-feasibility.md	1667	host	4a8cc9c6951c	not-a-launch	no-change
docs/superpowers/plans/2026-08-22-item48-pwsh7-feasibility.md	1669	host	f0d94e317c32	not-a-launch	no-change
docs/superpowers/plans/2026-08-22-item48-pwsh7-feasibility.md	1690	host	87df9b259666	not-a-launch	no-change
docs/superpowers/plans/2026-08-22-item48-pwsh7-feasibility.md	1700	host	28fa39a86803	not-a-launch	no-change
docs/superpowers/plans/2026-08-22-item48-pwsh7-feasibility.md	1702	host	e698b4cfd737	not-a-launch	no-change
docs/superpowers/plans/2026-08-22-item48-pwsh7-feasibility.md	1712	host	719cd0ae4888	not-a-launch	no-change
docs/superpowers/plans/2026-08-22-item48-pwsh7-feasibility.md	1719	host	ba4f4e38368b	not-a-launch	no-change
docs/superpowers/plans/2026-08-22-item48-pwsh7-feasibility.md	1724	host	3ac513f8ec11	not-a-launch	no-change
docs/superpowers/plans/2026-08-22-item48-pwsh7-feasibility.md	1769	host	1d1bfa7c20eb	doc-instruction	no-change
docs/superpowers/plans/2026-08-22-item48-pwsh7-feasibility.md	1797	host	20a4bf83fb1b	doc-instruction	no-change
docs/superpowers/plans/2026-08-22-item48-pwsh7-feasibility.md	1807	host	96ac862f83e8	doc-instruction	no-change
docs/superpowers/plans/2026-08-22-item48-pwsh7-feasibility.md	1808	host	10b63e712f03	doc-instruction	no-change
docs/superpowers/plans/2026-08-22-item48-pwsh7-feasibility.md	1815	host	e4046bb36244	not-a-launch	no-change
docs/superpowers/plans/2026-08-22-item48-pwsh7-feasibility.md	1860	host	3d3ce4aa943f	doc-instruction	no-change
docs/superpowers/plans/2026-08-22-item48-pwsh7-feasibility.md	1915	host	efc8d266f5e0	not-a-launch	no-change
docs/superpowers/plans/rounds/2026-08-22-item48-pwsh7-feasibility/survey.py	113	host	b6dc245dcdf7	not-a-launch	no-change
evals/multi-model-verify/fixtures/codex-prompt-input/flagged.json	8	host	adc64384f74b	fixture	no-change
evals/multi-model-verify/fixtures/codex-prompt-input/full.json	8	host	6a03db345999	fixture	no-change
evals/multi-model-verify/fixtures/codex-prompt-input/malformed-block.json	8	host	ebe5d392d527	fixture	no-change
evals/multi-model-verify/fixtures/codex-prompt-input/missing-block-plugins-off.json	8	host	35aa76d06cfc	fixture	no-change
evals/multi-model-verify/fixtures/codex-prompt-input/repo-agents.json	8	host	a40ed4d7ca52	fixture	no-change
evals/multi-model-verify/fixtures/codex-prompt-input/suppressed.json	8	host	35aa76d06cfc	fixture	no-change
evals/multi-model-verify/fixtures/stub-appserver/stub-appserver.cmd	14	host	088fbff0261c	test-harness	must-change
evals/multi-model-verify/test_attestation.py	10	host	9af19a063eb2	not-a-launch	must-change
evals/multi-model-verify/test_attestation.py	11	host	4135ec3d785f	not-a-launch	no-change
evals/multi-model-verify/test_attestation.py	30	host	bdbb8953e8a6	not-a-launch	must-change
evals/multi-model-verify/test_attestation.py	33	host	30912fac5663	not-a-launch	no-change
evals/multi-model-verify/test_attestation.py	36	host	e80464fc41a4	host-pin-nonexec	must-change
evals/multi-model-verify/test_backup_lane.py	270	host	21f83b7543c2	host-pin-nonexec	unknown
evals/multi-model-verify/test_backup_lane.py	1322	host	ae3199a19217	test-harness	must-change
evals/multi-model-verify/test_backup_lane.py	1328	host	066439c261b3	test-harness	must-change
evals/multi-model-verify/test_backup_lane.py	1334	host	1d364d490394	test-harness	must-change
evals/multi-model-verify/test_backup_lane.py	1338	host	a6bd67ad31cc	test-harness	must-change
evals/multi-model-verify/test_backup_lane.py	1340	host	d5a10c4a41aa	test-harness	must-change
evals/multi-model-verify/test_backup_lane.py	1354	host	bd2176ed0bbf	test-harness	must-change
evals/multi-model-verify/test_backup_lane.py	1360	host	fb1ce2c23625	test-harness	must-change
evals/multi-model-verify/test_backup_lane.py	1373	host	b34a3c6b8350	test-harness	must-change
evals/multi-model-verify/test_backup_lane.py	1374	host	3b7f315d524d	test-harness	must-change
evals/multi-model-verify/test_backup_lane.py	1376	host	5ce82e0a2a8e	test-harness	must-change
evals/multi-model-verify/test_backup_lane.py	1378	host	9b42ef6c7d60	test-harness	must-change
evals/multi-model-verify/test_backup_lane.py	1388	host	ae3199a19217	test-harness	must-change
evals/multi-model-verify/test_backup_lane.py	1395	host	ae3199a19217	test-harness	must-change
evals/multi-model-verify/test_backup_lane.py	1401	host	066439c261b3	test-harness	must-change
evals/multi-model-verify/test_backup_lane.py	1408	host	1d364d490394	test-harness	must-change
evals/multi-model-verify/test_backup_lane.py	1413	host	a67a0f7af6ec	test-harness	must-change
evals/multi-model-verify/test_backup_lane.py	1741	host	7cc94fc577d7	test-harness	must-change
evals/multi-model-verify/test_codex_context_probe.py	43	host	40e16a94b2bb	not-a-launch	no-change
evals/multi-model-verify/test_codex_context_probe.py	45	host	b80bdd7efb78	not-a-launch	no-change
evals/multi-model-verify/test_codex_context_probe.py	48	host	39fd0fa442ec	not-a-launch	no-change
evals/multi-model-verify/test_codex_context_probe.py	52	host	2c85de34be8d	not-a-launch	must-change
evals/multi-model-verify/test_codex_context_probe.py	58	host	e80464fc41a4	host-pin-nonexec	must-change
evals/multi-model-verify/test_codex_context_probe.py	69	host	335aef04f737	not-a-launch	no-change
evals/multi-model-verify/test_codex_round_evidence.py	58	host	e80464fc41a4	host-pin-nonexec	must-change
evals/multi-model-verify/test_codex_tool_surface_probe.py	40	host	e80464fc41a4	host-pin-nonexec	must-change
evals/multi-model-verify/test_codex_tool_surface_probe.py	381	host	47dee8ce461e	not-a-launch	no-change
evals/multi-model-verify/test_codex_tool_surface_probe.py	500	host	eb6251acefde	not-a-launch	no-change
evals/multi-model-verify/test_codex_tool_surface_probe.py	515	host	2186e570b5ab	host-pin-nonexec	must-change
evals/multi-model-verify/test_home_skill_canary.py	33	host	9180f89e1ab9	not-a-launch	no-change
evals/multi-model-verify/test_home_skill_canary.py	62	host	e80464fc41a4	host-pin-nonexec	must-change
evals/multi-model-verify/test_kimi_credential_state.py	42	host	da30a8411cb2	not-a-launch	no-change
evals/multi-model-verify/test_kimi_credential_state.py	70	host	e80464fc41a4	host-pin-nonexec	must-change
evals/multi-model-verify/test_kimi_lane_home.py	57	host	c57d3c0b5f84	not-a-launch	no-change
evals/multi-model-verify/test_kimi_lane_home.py	61	host	e80464fc41a4	host-pin-nonexec	must-change
evals/multi-model-verify/test_kimi_lane_home.py	112	host	4fe622a6b200	not-a-launch	no-change
evals/multi-model-verify/test_kimi_lane_home.py	238	host	0004b631de71	not-a-launch	must-change
evals/multi-model-verify/test_kimi_lane_lock.py	8	host	60a2d162e390	not-a-launch	no-change
evals/multi-model-verify/test_kimi_lane_lock.py	11	host	68a881c5cf57	not-a-launch	no-change
evals/multi-model-verify/test_kimi_lane_lock.py	12	host	afe9cfc92026	not-a-launch	no-change
evals/multi-model-verify/test_kimi_lane_lock.py	30	host	e80464fc41a4	host-pin-nonexec	must-change
evals/multi-model-verify/test_kimi_lane_lock.py	225	host	cc81dca9a2b2	not-a-launch	must-change
evals/multi-model-verify/test_kimi_lane_login.py	47	host	e80464fc41a4	host-pin-nonexec	must-change
evals/multi-model-verify/test_kimi_lane_login.py	234	host	b7ac2a310d5c	not-a-launch	must-change
evals/multi-model-verify/test_kimi_round_evidence.py	82	host	25185abcd83f	not-a-launch	no-change
evals/multi-model-verify/test_kimi_round_evidence.py	89	host	1e4eed0a5eb9	host-pin-nonexec	must-change
evals/multi-model-verify/test_lane_credential_live.py	60	host	6ad2e864cc5a	host-pin-nonexec	must-change
evals/multi-model-verify/test_lane_credential_live_support.py	18	host	8ad131c5e6a1	not-a-launch	no-change
evals/multi-model-verify/test_lock_protocol_live.py	21	host	7f0d34db2906	not-a-launch	must-change
evals/multi-model-verify/test_lock_protocol_live.py	55	host	e80464fc41a4	host-pin-nonexec	must-change
evals/multi-model-verify/test_lock_protocol_live.py	71	host	cccb5fb862ea	host-pin-nonexec	must-change
evals/multi-model-verify/test_lock_protocol_live.py	78	host	31fe2a871f92	not-a-launch	must-change
evals/multi-model-verify/test_lock_protocol_live.py	83	host	a75191163ee3	host-pin-nonexec	must-change
evals/multi-model-verify/test_lock_protocol_live.py	335	host	d8badf98dbd2	not-a-launch	no-change
evals/multi-model-verify/test_lock_protocol_live.py	336	host	ebfaecacc3e1	not-a-launch	no-change
evals/multi-model-verify/test_lock_protocol_live.py	381	host	e58c06381c57	host-pin-nonexec	must-change
evals/multi-model-verify/test_lock_protocol_live.py	382	host	c76ddd1c8fdb	host-pin-nonexec	must-change
evals/multi-model-verify/test_lock_protocol_live.py	400	host	d0b99b2764f1	host-pin-nonexec	must-change
evals/multi-model-verify/test_multi_model_verify.py	2265	host	2683f2f8ec11	test-harness	no-change
evals/multi-model-verify/test_multi_model_verify.py	2266	host	0e3eef91f586	test-harness	no-change
evals/multi-model-verify/test_multi_model_verify.py	2267	host	30edf1557e4b	test-harness	no-change
evals/multi-model-verify/test_multi_model_verify.py	2269	host	f888089b542b	test-harness	no-change
evals/multi-model-verify/test_multi_model_verify.py	2954	host	718010a7d3cb	test-harness	must-change
evals/multi-model-verify/test_multi_model_verify.py	2961	host	da34690b227a	test-harness	must-change
evals/multi-model-verify/test_multi_model_verify.py	2999	host	da34690b227a	test-harness	must-change
evals/multi-model-verify/test_review_mirror.py	32	host	fd016e699ec7	not-a-launch	no-change
evals/multi-model-verify/test_review_mirror.py	38	host	a3f90530305e	not-a-launch	must-change
evals/multi-model-verify/test_review_mirror.py	42	host	e80464fc41a4	host-pin-nonexec	must-change
evals/multi-model-verify/test_skill_report_shapes.py	17	host	3823829953f4	not-a-launch	must-change
evals/multi-model-verify/test_skill_report_shapes.py	45	host	e80464fc41a4	host-pin-nonexec	must-change
evals/tools/check_workflow_paths.py	41	host	6d7d3e2104e4	host-pin-nonexec	must-change
evals/tools/check_workflow_paths.py	42	host	eefff94f39b9	host-pin-nonexec	must-change
evals/tools/check_workflow_paths.py	43	host	761740de8644	host-pin-nonexec	must-change
evals/tools/check_workflow_paths.py	85	host	b6ed740614fc	host-pin-nonexec	must-change
evals/tools/check_workflow_paths.py	153	host	b14747c2c7da	host-pin-nonexec	must-change
evals/tools/drift_statemachine_tests.ps1	542	host	c050168bd5f2	host-pin-nonexec	must-change
evals/tools/drift_statemachine_tests.ps1	1264	host	18656ba6acc9	host-pin-nonexec	no-change
evals/tools/drift_statemachine_tests.ps1	1267	host	401a69c997b2	not-a-launch	no-change
evals/tools/drift_statemachine_tests.ps1	1275	host	277ba97547ee	host-pin-nonexec	no-change
evals/tools/drift_statemachine_tests.ps1	1277	host	330edee7b2af	host-pin-nonexec	no-change
evals/tools/lane_credential_live_support.py	84	host	e9feb91c4628	not-a-launch	must-change
evals/tools/lane_credential_live_support.py	89	host	e80464fc41a4	host-pin-nonexec	must-change
evals/tools/lane_credential_live_support.py	98	host	36de2c961eb9	not-a-launch	must-change
hooks/hooks.json	10	host	fe4f748d2ba4	host-pin-exec	no-change
hooks/hooks.json	22	host	fe4f748d2ba4	host-pin-exec	no-change
README.md	312	host	c168b5af03e8	doc-instruction	must-change
README.md	358	host	a41e3cc0a47e	doc-instruction	no-change
skills/multi-model-verify/references/backup-lane.md	111	host	b1386cb57156	host-pin-nonexec	unknown
tools/check-drift.ps1	68	host	748cacb94581	host-pin-nonexec	must-change
tools/check-drift.ps1	96	host	6df2fd517b78	host-pin-exec	must-change
tools/check-drift.ps1	405	host	bd08265a3829	not-a-launch	must-change
tools/codex-tool-surface-probe.ps1	125	host	96ddc7e5c6fc	not-a-launch	no-change
tools/codex-tool-surface-probe.ps1	247	host	d45f8665e303	not-a-launch	no-change
tools/codex-tool-surface-probe.ps1	254	host	24b10e3fe38d	not-a-launch	no-change
tools/kimi-lane-lock.ps1	872	host	d0fa016775b7	not-a-launch	no-change
tools/kimi-lane-lock.ps1	887	host	a7d1e7e9eb31	host-pin-nonexec	unknown
tools/new-kimi-lane-login.ps1	56	host	9cb922a8cbc0	not-a-launch	no-change
.githooks/pre-push	24	launch	f0e0d78b8301	launch-explicit	must-change
commands/doctor.md	94	launch	a550fa06d4c7	doc-instruction	no-change
commands/doctor.md	106	launch	167bcb5c10ad	doc-instruction	no-change
commands/doctor.md	340	launch	ca3ec7579b40	doc-instruction	must-change
commands/drift-triage.md	14	launch	24c9bd5f1c16	doc-instruction	no-change
docs/superpowers/plans/2026-08-22-item48-pwsh7-feasibility.md	310	launch	26e19d6d13bf	launch-nonhost	no-change
docs/superpowers/plans/2026-08-22-item48-pwsh7-feasibility.md	339	launch	c8cf135ecc4b	not-a-launch	no-change
docs/superpowers/plans/2026-08-22-item48-pwsh7-feasibility.md	382	launch	49d812af11ab	not-a-launch	no-change
docs/superpowers/plans/2026-08-22-item48-pwsh7-feasibility.md	399	launch	4ba5ced915b5	not-a-launch	no-change
docs/superpowers/plans/2026-08-22-item48-pwsh7-feasibility.md	400	launch	67a95e23d928	not-a-launch	no-change
docs/superpowers/plans/2026-08-22-item48-pwsh7-feasibility.md	401	launch	3e3ac3327e32	not-a-launch	no-change
docs/superpowers/plans/2026-08-22-item48-pwsh7-feasibility.md	402	launch	d27bbad5ee1a	not-a-launch	no-change
docs/superpowers/plans/2026-08-22-item48-pwsh7-feasibility.md	466	launch	1b706a0a35f8	launch-nonhost	no-change
docs/superpowers/plans/2026-08-22-item48-pwsh7-feasibility.md	606	launch	5e0b68b303ef	not-a-launch	no-change
docs/superpowers/plans/2026-08-22-item48-pwsh7-feasibility.md	607	launch	e2f5f9cfb895	not-a-launch	no-change
docs/superpowers/plans/2026-08-22-item48-pwsh7-feasibility.md	755	launch	105bb69a5910	not-a-launch	no-change
docs/superpowers/plans/2026-08-22-item48-pwsh7-feasibility.md	756	launch	a102538782f5	not-a-launch	no-change
docs/superpowers/plans/2026-08-22-item48-pwsh7-feasibility.md	757	launch	fc055e9f6186	not-a-launch	no-change
docs/superpowers/plans/2026-08-22-item48-pwsh7-feasibility.md	758	launch	42a44ae94e43	not-a-launch	no-change
docs/superpowers/plans/2026-08-22-item48-pwsh7-feasibility.md	907	launch	a338a48c7c47	launch-explicit	no-change
docs/superpowers/plans/2026-08-22-item48-pwsh7-feasibility.md	909	launch	327b2c995cc3	not-a-launch	no-change
docs/superpowers/plans/2026-08-22-item48-pwsh7-feasibility.md	911	launch	9d3e9fb3b8cf	not-a-launch	no-change
docs/superpowers/plans/2026-08-22-item48-pwsh7-feasibility.md	915	launch	fa03eff0cc15	launch-explicit	no-change
docs/superpowers/plans/2026-08-22-item48-pwsh7-feasibility.md	933	launch	d71138293a43	not-a-launch	no-change
docs/superpowers/plans/2026-08-22-item48-pwsh7-feasibility.md	990	launch	6f83cb40c9a3	launch-explicit	no-change
docs/superpowers/plans/2026-08-22-item48-pwsh7-feasibility.md	991	launch	12c5a12c13bc	launch-explicit	no-change
docs/superpowers/plans/2026-08-22-item48-pwsh7-feasibility.md	1110	launch	6f83cb40c9a3	launch-explicit	no-change
docs/superpowers/plans/2026-08-22-item48-pwsh7-feasibility.md	1111	launch	12c5a12c13bc	launch-explicit	no-change
docs/superpowers/plans/2026-08-22-item48-pwsh7-feasibility.md	1203	launch	68cd0bdd395c	launch-explicit	no-change
docs/superpowers/plans/2026-08-22-item48-pwsh7-feasibility.md	1205	launch	327b2c995cc3	not-a-launch	no-change
docs/superpowers/plans/2026-08-22-item48-pwsh7-feasibility.md	1207	launch	9d3e9fb3b8cf	not-a-launch	no-change
docs/superpowers/plans/2026-08-22-item48-pwsh7-feasibility.md	1211	launch	fa03eff0cc15	launch-explicit	no-change
docs/superpowers/plans/2026-08-22-item48-pwsh7-feasibility.md	1264	launch	6a880b6b5586	not-a-launch	no-change
docs/superpowers/plans/2026-08-22-item48-pwsh7-feasibility.md	1298	launch	c5faffc6d94d	not-a-launch	no-change
docs/superpowers/plans/2026-08-22-item48-pwsh7-feasibility.md	1719	launch	ba4f4e38368b	not-a-launch	no-change
docs/superpowers/plans/2026-08-22-item48-pwsh7-feasibility.md	1725	launch	e35a4094ec11	launch-explicit	no-change
docs/superpowers/plans/2026-08-22-item48-pwsh7-feasibility.md	1733	launch	6f83cb40c9a3	launch-explicit	no-change
docs/superpowers/plans/2026-08-22-item48-pwsh7-feasibility.md	1815	launch	e4046bb36244	not-a-launch	no-change
docs/superpowers/plans/2026-08-22-item48-pwsh7-feasibility.md	2146	launch	d67b5a8d545d	not-a-launch	no-change
docs/superpowers/plans/rounds/2026-08-22-item48-pwsh7-feasibility/survey.py	27	launch	26e19d6d13bf	launch-nonhost	no-change
docs/superpowers/plans/rounds/2026-08-22-item48-pwsh7-feasibility/survey.py	56	launch	c8cf135ecc4b	not-a-launch	no-change
docs/superpowers/plans/rounds/2026-08-22-item48-pwsh7-feasibility/survey.py	99	launch	49d812af11ab	not-a-launch	no-change
docs/superpowers/plans/rounds/2026-08-22-item48-pwsh7-feasibility/survey.py	116	launch	4ba5ced915b5	not-a-launch	no-change
docs/superpowers/plans/rounds/2026-08-22-item48-pwsh7-feasibility/survey.py	117	launch	67a95e23d928	not-a-launch	no-change
docs/superpowers/plans/rounds/2026-08-22-item48-pwsh7-feasibility/survey.py	118	launch	3e3ac3327e32	not-a-launch	no-change
docs/superpowers/plans/rounds/2026-08-22-item48-pwsh7-feasibility/survey.py	119	launch	d27bbad5ee1a	not-a-launch	no-change
docs/superpowers/plans/rounds/2026-08-22-item48-pwsh7-feasibility/survey.py	183	launch	1b706a0a35f8	launch-nonhost	no-change
evals/multi-model-verify/fixtures/stub-appserver/stub-appserver.cmd	14	launch	088fbff0261c	test-harness	must-change
evals/multi-model-verify/test_attestation.py	43	launch	398c1e72d074	test-harness	no-change
evals/multi-model-verify/test_attestation.py	45	launch	578673743e97	test-harness	no-change
evals/multi-model-verify/test_attestation.py	50	launch	d4e4b34f56db	test-harness	no-change
evals/multi-model-verify/test_attestation.py	57	launch	325c683ce062	test-harness	no-change
evals/multi-model-verify/test_attestation.py	65	launch	fc00cc23a7a2	test-harness	no-change
evals/multi-model-verify/test_backup_lane.py	1429	launch	f4d5c37310d5	test-harness	no-change
evals/multi-model-verify/test_codex_context_probe.py	89	launch	6f83cb40c9a3	test-harness	no-change
evals/multi-model-verify/test_codex_context_probe.py	90	launch	e3c63f0237e7	test-harness	no-change
evals/multi-model-verify/test_codex_context_probe.py	375	launch	9e9a6fa02e0e	test-harness	no-change
evals/multi-model-verify/test_codex_context_probe.py	384	launch	f0ddd63e6c35	test-harness	no-change
evals/multi-model-verify/test_codex_context_probe.py	395	launch	398c1e72d074	test-harness	no-change
evals/multi-model-verify/test_codex_context_probe.py	396	launch	146f0d72fa46	test-harness	no-change
evals/multi-model-verify/test_codex_context_probe.py	458	launch	6f83cb40c9a3	test-harness	no-change
evals/multi-model-verify/test_codex_context_probe.py	459	launch	146f0d72fa46	test-harness	no-change
evals/multi-model-verify/test_codex_context_probe.py	559	launch	6f83cb40c9a3	test-harness	no-change
evals/multi-model-verify/test_codex_context_probe.py	560	launch	146f0d72fa46	test-harness	no-change
evals/multi-model-verify/test_codex_context_probe.py	599	launch	6f83cb40c9a3	test-harness	no-change
evals/multi-model-verify/test_codex_context_probe.py	600	launch	146f0d72fa46	test-harness	no-change
evals/multi-model-verify/test_codex_context_probe.py	618	launch	6f83cb40c9a3	test-harness	no-change
evals/multi-model-verify/test_codex_context_probe.py	619	launch	146f0d72fa46	test-harness	no-change
evals/multi-model-verify/test_codex_context_probe.py	634	launch	6f83cb40c9a3	test-harness	no-change
evals/multi-model-verify/test_codex_context_probe.py	635	launch	146f0d72fa46	test-harness	no-change
evals/multi-model-verify/test_codex_context_probe.py	749	launch	6f83cb40c9a3	test-harness	no-change
evals/multi-model-verify/test_codex_context_probe.py	750	launch	146f0d72fa46	test-harness	no-change
evals/multi-model-verify/test_codex_context_probe.py	789	launch	6f83cb40c9a3	test-harness	no-change
evals/multi-model-verify/test_codex_context_probe.py	790	launch	146f0d72fa46	test-harness	no-change
evals/multi-model-verify/test_codex_round_evidence.py	245	launch	398c1e72d074	test-harness	no-change
evals/multi-model-verify/test_codex_round_evidence.py	246	launch	5b3f7fa77d03	test-harness	no-change
evals/multi-model-verify/test_codex_round_evidence.py	254	launch	398c1e72d074	test-harness	no-change
evals/multi-model-verify/test_codex_round_evidence.py	255	launch	5b3f7fa77d03	test-harness	no-change
evals/multi-model-verify/test_codex_tool_surface_probe.py	114	launch	fd4d1f720295	not-a-launch	no-change
evals/multi-model-verify/test_codex_tool_surface_probe.py	137	launch	11aa3291a538	test-harness	no-change
evals/multi-model-verify/test_codex_tool_surface_probe.py	140	launch	beb9a23885af	test-harness	no-change
evals/multi-model-verify/test_codex_tool_surface_probe.py	263	launch	2612c55f03f1	not-a-launch	no-change
evals/multi-model-verify/test_codex_tool_surface_probe.py	405	launch	6f83cb40c9a3	test-harness	no-change
evals/multi-model-verify/test_codex_tool_surface_probe.py	406	launch	53b15dea458e	test-harness	no-change
evals/multi-model-verify/test_codex_tool_surface_probe.py	432	launch	6f83cb40c9a3	test-harness	no-change
evals/multi-model-verify/test_codex_tool_surface_probe.py	433	launch	53b15dea458e	test-harness	no-change
evals/multi-model-verify/test_codex_tool_surface_probe.py	463	launch	6f83cb40c9a3	test-harness	no-change
evals/multi-model-verify/test_codex_tool_surface_probe.py	464	launch	53b15dea458e	test-harness	no-change
evals/multi-model-verify/test_codex_tool_surface_probe.py	481	launch	6f83cb40c9a3	test-harness	no-change
evals/multi-model-verify/test_codex_tool_surface_probe.py	482	launch	53b15dea458e	test-harness	no-change
evals/multi-model-verify/test_codex_tool_surface_probe.py	522	launch	6f83cb40c9a3	test-harness	no-change
evals/multi-model-verify/test_codex_tool_surface_probe.py	523	launch	02796248669f	test-harness	no-change
evals/multi-model-verify/test_home_skill_canary.py	93	launch	1440f5f05f36	test-harness	no-change
evals/multi-model-verify/test_home_skill_canary.py	99	launch	452c95678a69	test-harness	no-change
evals/multi-model-verify/test_home_skill_canary.py	339	launch	6cdfa0fb4c7a	test-harness	no-change
evals/multi-model-verify/test_home_skill_canary.py	402	launch	ed95738c52f1	test-harness	no-change
evals/multi-model-verify/test_home_skill_canary.py	462	launch	8885dc2c5640	test-harness	no-change
evals/multi-model-verify/test_home_skill_canary.py	475	launch	dff47d13b4dc	test-harness	no-change
evals/multi-model-verify/test_kimi_credential_state.py	104	launch	2866b6dbad26	test-harness	no-change
evals/multi-model-verify/test_kimi_credential_state.py	113	launch	f0ddd63e6c35	test-harness	no-change
evals/multi-model-verify/test_kimi_credential_state.py	171	launch	8099a0ff0a1f	test-harness	no-change
evals/multi-model-verify/test_kimi_credential_state.py	186	launch	951fd68c3cdf	test-harness	no-change
evals/multi-model-verify/test_kimi_credential_state.py	189	launch	25e9b8e2e905	test-harness	no-change
evals/multi-model-verify/test_kimi_lane_home.py	112	launch	4fe622a6b200	not-a-launch	no-change
evals/multi-model-verify/test_kimi_lane_home.py	288	launch	6f83cb40c9a3	test-harness	no-change
evals/multi-model-verify/test_kimi_lane_home.py	298	launch	6f83cb40c9a3	test-harness	no-change
evals/multi-model-verify/test_kimi_lane_home.py	318	launch	6f83cb40c9a3	test-harness	no-change
evals/multi-model-verify/test_kimi_lane_home.py	320	launch	d8525dbbfe8f	test-harness	no-change
evals/multi-model-verify/test_kimi_lane_home.py	334	launch	6f83cb40c9a3	test-harness	no-change
evals/multi-model-verify/test_kimi_lane_home.py	336	launch	db0fa125120b	test-harness	no-change
evals/multi-model-verify/test_kimi_lane_home.py	345	launch	6f83cb40c9a3	test-harness	no-change
evals/multi-model-verify/test_kimi_lane_home.py	347	launch	6eafd8c1eab3	test-harness	no-change
evals/multi-model-verify/test_kimi_lane_home.py	356	launch	92a18e536829	test-harness	no-change
evals/multi-model-verify/test_kimi_lane_home.py	361	launch	527b64060fbf	test-harness	no-change
evals/multi-model-verify/test_kimi_lane_home.py	367	launch	6f83cb40c9a3	test-harness	no-change
evals/multi-model-verify/test_kimi_lane_home.py	369	launch	c42226c9ebab	test-harness	no-change
evals/multi-model-verify/test_kimi_lane_home.py	650	launch	6f83cb40c9a3	test-harness	no-change
evals/multi-model-verify/test_kimi_lane_home.py	652	launch	c01231b18811	test-harness	no-change
evals/multi-model-verify/test_kimi_lane_home.py	708	launch	6f83cb40c9a3	test-harness	no-change
evals/multi-model-verify/test_kimi_lane_home.py	710	launch	3e323f0bb40f	test-harness	no-change
evals/multi-model-verify/test_kimi_lane_home.py	841	launch	df8f0d9beeff	test-harness	no-change
evals/multi-model-verify/test_kimi_lane_home.py	861	launch	281682753fc3	test-harness	no-change
evals/multi-model-verify/test_kimi_lane_home.py	911	launch	9438a57e9959	test-harness	no-change
evals/multi-model-verify/test_kimi_lane_home.py	913	launch	53f12085f7bb	test-harness	no-change
evals/multi-model-verify/test_kimi_lane_home.py	923	launch	6463495859c1	test-harness	no-change
evals/multi-model-verify/test_kimi_lane_home.py	1618	launch	3fe799e26e23	test-harness	no-change
evals/multi-model-verify/test_kimi_lane_home.py	1619	launch	5b3f7fa77d03	test-harness	no-change
evals/multi-model-verify/test_kimi_lane_home.py	1801	launch	8075e6afb869	test-harness	no-change
evals/multi-model-verify/test_kimi_lane_home.py	1944	launch	0945805e6f07	not-a-launch	no-change
evals/multi-model-verify/test_kimi_lane_home.py	1969	launch	8075e6afb869	test-harness	no-change
evals/multi-model-verify/test_kimi_lane_lock.py	51	launch	6f83cb40c9a3	test-harness	no-change
evals/multi-model-verify/test_kimi_lane_lock.py	83	launch	5fda2a4e9915	test-harness	no-change
evals/multi-model-verify/test_kimi_lane_lock.py	84	launch	18fe61f4bcca	test-harness	no-change
evals/multi-model-verify/test_kimi_lane_lock.py	91	launch	5fda2a4e9915	test-harness	no-change
evals/multi-model-verify/test_kimi_lane_lock.py	92	launch	639f94d7d2a8	test-harness	no-change
evals/multi-model-verify/test_kimi_lane_lock.py	147	launch	6f83cb40c9a3	test-harness	no-change
evals/multi-model-verify/test_kimi_lane_lock.py	182	launch	1ad4e899456b	test-harness	no-change
evals/multi-model-verify/test_kimi_lane_lock.py	229	launch	a616021bceaa	test-harness	no-change
evals/multi-model-verify/test_kimi_lane_lock.py	233	launch	61330bcc70ed	test-harness	no-change
evals/multi-model-verify/test_kimi_lane_lock.py	598	launch	19495977ca92	test-harness	no-change
evals/multi-model-verify/test_kimi_lane_lock.py	599	launch	4432410dd691	test-harness	no-change
evals/multi-model-verify/test_kimi_lane_lock.py	959	launch	3f3e3662bc9c	test-harness	no-change
evals/multi-model-verify/test_kimi_lane_lock.py	1014	launch	3f3e3662bc9c	test-harness	no-change
evals/multi-model-verify/test_kimi_lane_lock.py	1100	launch	281682753fc3	test-harness	no-change
evals/multi-model-verify/test_kimi_lane_login.py	203	launch	6f83cb40c9a3	test-harness	no-change
evals/multi-model-verify/test_kimi_lane_login.py	248	launch	5fda2a4e9915	test-harness	no-change
evals/multi-model-verify/test_kimi_lane_login.py	249	launch	11625a734362	test-harness	no-change
evals/multi-model-verify/test_kimi_lane_login.py	253	launch	5fda2a4e9915	test-harness	no-change
evals/multi-model-verify/test_kimi_lane_login.py	254	launch	639f94d7d2a8	test-harness	no-change
evals/multi-model-verify/test_kimi_lane_login.py	259	launch	bc9ed7eddd08	test-harness	no-change
evals/multi-model-verify/test_kimi_lane_login.py	260	launch	11625a734362	test-harness	no-change
evals/multi-model-verify/test_kimi_lane_login.py	264	launch	1ed706b9b43d	test-harness	no-change
evals/multi-model-verify/test_kimi_lane_login.py	265	launch	748aa1003065	test-harness	no-change
evals/multi-model-verify/test_kimi_lane_login.py	277	launch	1afb9bdc51c0	test-harness	no-change
evals/multi-model-verify/test_kimi_lane_login.py	282	launch	6f83cb40c9a3	test-harness	no-change
evals/multi-model-verify/test_kimi_lane_login.py	363	launch	5b69140942db	test-harness	no-change
evals/multi-model-verify/test_kimi_lane_login.py	365	launch	11625a734362	test-harness	no-change
evals/multi-model-verify/test_kimi_lane_login.py	856	launch	0d2e09a14c28	test-harness	no-change
evals/multi-model-verify/test_kimi_lane_login.py	875	launch	0d2e09a14c28	test-harness	no-change
evals/multi-model-verify/test_kimi_lane_login.py	906	launch	7c8f78e77c61	test-harness	no-change
evals/multi-model-verify/test_kimi_lane_login.py	909	launch	14222d59fa9c	test-harness	no-change
evals/multi-model-verify/test_kimi_round_evidence.py	241	launch	cd9d3865ca6c	test-harness	no-change
evals/multi-model-verify/test_kimi_round_evidence.py	249	launch	6703a145a19d	test-harness	no-change
evals/multi-model-verify/test_kimi_round_evidence.py	257	launch	cd9d3865ca6c	test-harness	no-change
evals/multi-model-verify/test_kimi_round_evidence.py	264	launch	6703a145a19d	test-harness	no-change
evals/multi-model-verify/test_kimi_round_evidence.py	1357	launch	c1971b8aefbe	test-harness	no-change
evals/multi-model-verify/test_kimi_round_evidence.py	1365	launch	a7d0774b3d38	test-harness	no-change
evals/multi-model-verify/test_kimi_round_evidence.py	2036	launch	6f83cb40c9a3	test-harness	no-change
evals/multi-model-verify/test_kimi_round_evidence.py	2037	launch	674d191366f8	test-harness	no-change
evals/multi-model-verify/test_lane_credential_live.py	270	launch	81ca8862fa5d	test-harness	no-change
evals/multi-model-verify/test_lane_credential_live_support.py	133	launch	281682753fc3	test-harness	no-change
evals/multi-model-verify/test_lane_credential_live_support.py	136	launch	395b0090561f	test-harness	no-change
evals/multi-model-verify/test_lane_credential_live_support.py	962	launch	6f83cb40c9a3	test-harness	no-change
evals/multi-model-verify/test_lock_protocol_live.py	97	launch	398c1e72d074	test-harness	no-change
evals/multi-model-verify/test_lock_protocol_live.py	103	launch	19f6e6ebdf37	test-harness	no-change
evals/multi-model-verify/test_lock_protocol_live.py	104	launch	61330bcc70ed	test-harness	no-change
evals/multi-model-verify/test_lock_protocol_live.py	184	launch	3fe799e26e23	test-harness	no-change
evals/multi-model-verify/test_lock_protocol_live.py	277	launch	294401cb250b	test-harness	no-change
evals/multi-model-verify/test_lock_protocol_live.py	309	launch	6004190c8b14	test-harness	no-change
evals/multi-model-verify/test_lock_protocol_live.py	359	launch	a4f4b237b102	test-harness	no-change
evals/multi-model-verify/test_multi_model_verify.py	1811	launch	3651f78419af	test-harness	no-change
evals/multi-model-verify/test_multi_model_verify.py	1846	launch	6f83cb40c9a3	test-harness	no-change
evals/multi-model-verify/test_multi_model_verify.py	1928	launch	6f83cb40c9a3	test-harness	no-change
evals/multi-model-verify/test_multi_model_verify.py	2268	launch	6f83cb40c9a3	test-harness	no-change
evals/multi-model-verify/test_multi_model_verify.py	2269	launch	f888089b542b	test-harness	no-change
evals/multi-model-verify/test_multi_model_verify.py	2535	launch	1f795d33e0bc	not-a-launch	no-change
evals/multi-model-verify/test_multi_model_verify.py	2536	launch	17557362c0a8	not-a-launch	no-change
evals/multi-model-verify/test_multi_model_verify.py	2667	launch	9a839a7345b7	not-a-launch	no-change
evals/multi-model-verify/test_multi_model_verify.py	2706	launch	39059854da9e	not-a-launch	no-change
evals/multi-model-verify/test_multi_model_verify.py	2960	launch	6f83cb40c9a3	test-harness	must-change
evals/multi-model-verify/test_multi_model_verify.py	2962	launch	a04f4b09bb8d	test-harness	must-change
evals/multi-model-verify/test_multi_model_verify.py	2998	launch	6f83cb40c9a3	test-harness	must-change
evals/multi-model-verify/test_multi_model_verify.py	3000	launch	87407dd6b4a1	test-harness	must-change
evals/multi-model-verify/test_review_mirror.py	55	launch	b13cc7d587f7	test-harness	no-change
evals/multi-model-verify/test_review_mirror.py	117	launch	398c1e72d074	test-harness	no-change
evals/multi-model-verify/test_review_mirror.py	118	launch	c1e6e11cecc1	test-harness	no-change
evals/multi-model-verify/test_review_mirror.py	401	launch	6f83cb40c9a3	test-harness	no-change
evals/multi-model-verify/test_review_mirror.py	402	launch	c1e6e11cecc1	test-harness	no-change
evals/multi-model-verify/test_review_mirror.py	416	launch	6f83cb40c9a3	test-harness	no-change
evals/multi-model-verify/test_review_mirror.py	417	launch	c1e6e11cecc1	test-harness	no-change
evals/multi-model-verify/test_review_mirror.py	455	launch	6f83cb40c9a3	test-harness	no-change
evals/multi-model-verify/test_review_mirror.py	456	launch	c1e6e11cecc1	test-harness	no-change
evals/multi-model-verify/test_review_mirror.py	483	launch	6f83cb40c9a3	test-harness	no-change
evals/multi-model-verify/test_review_mirror.py	484	launch	c1e6e11cecc1	test-harness	no-change
evals/multi-model-verify/test_review_mirror.py	531	launch	6f83cb40c9a3	test-harness	no-change
evals/multi-model-verify/test_review_mirror.py	566	launch	6f83cb40c9a3	test-harness	no-change
evals/multi-model-verify/test_review_mirror.py	567	launch	c1e6e11cecc1	test-harness	no-change
evals/multi-model-verify/test_review_mirror.py	642	launch	6f83cb40c9a3	test-harness	no-change
evals/multi-model-verify/test_review_mirror.py	643	launch	e3c63f0237e7	test-harness	no-change
evals/multi-model-verify/test_review_mirror.py	1255	launch	9dfc94b9a559	test-harness	no-change
evals/multi-model-verify/test_review_mirror.py	1282	launch	5d96611a0b5d	test-harness	no-change
evals/multi-model-verify/test_review_mirror.py	1301	launch	1f6ee87105ca	test-harness	no-change
evals/multi-model-verify/test_review_mirror.py	1331	launch	13dc6c6b2545	test-harness	no-change
evals/multi-model-verify/test_review_mirror.py	1343	launch	4d5d342c22b8	test-harness	no-change
evals/multi-model-verify/test_review_mirror.py	1361	launch	fc751569f329	test-harness	no-change
evals/multi-model-verify/test_review_mirror.py	1428	launch	398c1e72d074	test-harness	no-change
evals/multi-model-verify/test_review_mirror.py	1429	launch	c1e6e11cecc1	test-harness	no-change
evals/multi-model-verify/test_review_mirror.py	1605	launch	263be2e91e3f	test-harness	no-change
evals/multi-model-verify/test_review_mirror.py	1616	launch	f27f1c0ef88e	test-harness	no-change
evals/multi-model-verify/test_review_mirror.py	1669	launch	1f6ee87105ca	test-harness	no-change
evals/multi-model-verify/test_skill_lint_budget.py	61	launch	6f83cb40c9a3	test-harness	no-change
evals/multi-model-verify/test_skill_report_shapes.py	287	launch	6f83cb40c9a3	test-harness	no-change
evals/multi-model-verify/test_skill_report_shapes.py	288	launch	0189e1d18c0d	test-harness	no-change
evals/multi-model-verify/test_skill_report_shapes.py	534	launch	6f83cb40c9a3	test-harness	no-change
evals/multi-model-verify/test_skill_report_shapes.py	535	launch	0189e1d18c0d	test-harness	no-change
evals/tools/drift_statemachine_tests.ps1	300	launch	7b17017fd4a4	not-a-launch	no-change
evals/tools/drift_statemachine_tests.ps1	552	launch	2805289cf5ef	test-harness	no-change
evals/tools/lane_credential_live_support.py	163	launch	6f83cb40c9a3	test-harness	no-change
evals/tools/lane_credential_live_support.py	165	launch	6b55038f004f	test-harness	no-change
evals/tools/lane_credential_live_support.py	203	launch	6f83cb40c9a3	test-harness	no-change
evals/tools/lane_credential_live_support.py	205	launch	161117824c1e	test-harness	no-change
evals/tools/lane_credential_live_support.py	315	launch	6f83cb40c9a3	test-harness	no-change
evals/tools/lane_credential_live_support.py	317	launch	0c9f140e8147	test-harness	no-change
evals/tools/lane_credential_live_support.py	366	launch	f9ce7d166772	test-harness	no-change
evals/tools/lane_credential_live_support.py	370	launch	87af064b62e3	test-harness	no-change
evals/tools/lane_credential_live_support.py	386	launch	b1bbb82271c9	test-harness	no-change
evals/tools/lane_credential_live_support.py	390	launch	87af064b62e3	test-harness	no-change
evals/tools/lane_credential_live_support.py	759	launch	fcee38dc4d47	test-harness	no-change
evals/tools/lane_credential_live_support.py	851	launch	6f83cb40c9a3	test-harness	no-change
evals/tools/lane_credential_live_support.py	876	launch	6f83cb40c9a3	test-harness	no-change
evals/tools/lane_credential_live_support.py	878	launch	53f12085f7bb	test-harness	no-change
evals/tools/run_behavioral_evals.py	171	launch	2c4370d89517	launch-nonhost	no-change
evals/tools/run_behavioral_evals.py	202	launch	a54a6911c44d	launch-nonhost	no-change
evals/tools/run_behavioral_evals.py	287	launch	70cdbf6e2b73	launch-nonhost	no-change
evals/tools/run_behavioral_evals.py	294	launch	2d725b6074ad	launch-nonhost	no-change
evals/tools/run_behavioral_evals.py	339	launch	1e9dea07aa9c	launch-nonhost	no-change
evals/tools/run_behavioral_evals.py	487	launch	6f83cb40c9a3	launch-nonhost	no-change
evals/tools/run_behavioral_evals.py	610	launch	0a976e33a14b	launch-nonhost	no-change
evals/tools/run_behavioral_evals.py	741	launch	6f83cb40c9a3	launch-nonhost	no-change
evals/tools/skill_scanner.py	52	launch	e2466f5f06d4	not-a-launch	no-change
evals/tools/skill_scanner.py	54	launch	fa6bb6f6dbf3	not-a-launch	no-change
hooks/hooks.json	10	launch	fe4f748d2ba4	launch-explicit	no-change
hooks/hooks.json	22	launch	fe4f748d2ba4	launch-explicit	no-change
skills/multi-model-verify/SKILL.md	326	launch	af9333bc9210	doc-instruction	must-change
tools/check-drift.ps1	21	launch	7b98fd8ee1f3	not-a-launch	must-change
tools/check-drift.ps1	96	launch	6df2fd517b78	not-a-launch	must-change
tools/check-drift.ps1	101	launch	2ff191a3e100	launch-nonhost	no-change
tools/check-drift.ps1	102	launch	0d844768b972	launch-nonhost	no-change
tools/check-drift.ps1	903	launch	291a768989f3	not-a-launch	no-change
tools/check-drift.ps1	923	launch	499b48d9688c	launch-nonhost	no-change
tools/check-drift.ps1	1054	launch	cd405a9c40e6	launch-inherit	no-change
tools/codex-context-probe.ps1	737	launch	202ceee84d6b	not-a-launch	no-change
tools/codex-tool-surface-probe.ps1	165	launch	5370a73c74b6	not-a-launch	no-change
tools/codex-tool-surface-probe.ps1	166	launch	6b6775a9b672	not-a-launch	no-change
tools/codex-tool-surface-probe.ps1	183	launch	e3b5dc9bd8ae	not-a-launch	no-change
tools/codex-tool-surface-probe.ps1	195	launch	9d3e9fb3b8cf	launch-nonhost	no-change
tools/codex-tool-surface-probe.ps1	258	launch	79746d0aab26	not-a-launch	no-change
tools/codex-tool-surface-probe.ps1	277	launch	fa03eff0cc15	launch-nonhost	no-change
tools/new-kimi-lane-home.ps1	143	launch	d8b5c824ffe1	not-a-launch	no-change
tools/new-kimi-lane-home.ps1	235	launch	5f93150f3639	not-a-launch	no-change
tools/new-kimi-lane-home.ps1	236	launch	98c376fb38c4	not-a-launch	no-change
tools/new-kimi-lane-home.ps1	257	launch	e6415c0127e8	not-a-launch	no-change
tools/new-kimi-lane-home.ps1	262	launch	d65022cff307	launch-inherit	no-change
tools/new-kimi-lane-home.ps1	263	launch	2833fb992591	launch-inherit	no-change
tools/new-kimi-lane-login.ps1	46	launch	13136a0e82f5	not-a-launch	no-change
tools/new-kimi-lane-login.ps1	258	launch	5f93150f3639	not-a-launch	no-change
tools/new-kimi-lane-login.ps1	259	launch	98c376fb38c4	not-a-launch	no-change
tools/new-kimi-lane-login.ps1	280	launch	e6415c0127e8	not-a-launch	no-change
tools/new-kimi-lane-login.ps1	285	launch	d65022cff307	launch-inherit	no-change
tools/new-kimi-lane-login.ps1	286	launch	2833fb992591	launch-inherit	no-change
tools/new-review-mirror.ps1	78	launch	846edb51b61d	not-a-launch	no-change
tools/new-review-mirror.ps1	97	launch	9d3e9fb3b8cf	launch-nonhost	no-change
tools/new-review-mirror.ps1	108	launch	898312255b70	launch-nonhost	no-change
tools/new-review-mirror.ps1	459	launch	0b0caa2860cb	not-a-launch	no-change
tools/new-review-mirror.ps1	1146	launch	e6415c0127e8	not-a-launch	no-change
tools/new-review-mirror.ps1	1147	launch	9fefda81ed05	launch-inherit	no-change
tools/read-codex-round-evidence.ps1	719	launch	fb189553ff7a	not-a-launch	no-change
.github/workflows/skill-evals.yml	28	bare	35dee6421e0c	ci	no-change
.github/workflows/skill-evals.yml	32	bare	19bccb6374e5	ci	no-change
.github/workflows/skill-evals.yml	36	bare	dca5fa94022d	ci	no-change
.github/workflows/skill-evals.yml	39	bare	0447b61405ba	ci	no-change
.github/workflows/skill-evals.yml	42	bare	fd7192d757df	ci	no-change
.github/workflows/skill-evals.yml	45	bare	35dee6421e0c	ci	no-change
.github/workflows/skill-evals.yml	46	bare	197439ad9063	ci	no-change
.github/workflows/skill-evals.yml	47	bare	fff4202e9626	ci	no-change
.github/workflows/skill-evals.yml	71	bare	ceca4f0dd946	ci	no-change
.github/workflows/skill-evals.yml	96	bare	ef28b34e8fe0	ci	must-change
.github/workflows/skill-evals.yml	97	bare	2b47bdea195d	ci	must-change
.github/workflows/skill-evals.yml	113	bare	ef28b34e8fe0	ci	no-change
.github/workflows/skill-evals.yml	114	bare	2b47bdea195d	ci	no-change
CLAUDE.md	12	bare	08ec5c0ba3d1	doc-instruction	no-change
CLAUDE.md	13	bare	9b4410fccd8a	doc-instruction	no-change
CLAUDE.md	14	bare	758cab34ece2	doc-instruction	no-change
CLAUDE.md	15	bare	11871c3e158b	doc-instruction	no-change
CLAUDE.md	16	bare	fb3085ee19e9	doc-instruction	no-change
CLAUDE.md	35	bare	f3fa62f0cd66	doc-instruction	no-change
CLAUDE.md	40	bare	124a6ee8872e	doc-instruction	no-change
CLAUDE.md	41	bare	3338054daba1	doc-instruction	no-change
CLAUDE.md	42	bare	c257d8f1bc4a	doc-instruction	no-change
CLAUDE.md	48	bare	47df951042a8	doc-instruction	no-change
CLAUDE.md	49	bare	ed705ccd1e3a	not-a-launch	no-change
CLAUDE.md	57	bare	4649f20a53f3	not-a-launch	no-change
CLAUDE.md	65	bare	de20a96f29f2	not-a-launch	no-change
CLAUDE.md	79	bare	db80e0491bd4	not-a-launch	no-change
CLAUDE.md	83	bare	2790c39a7543	not-a-launch	no-change
CLAUDE.md	94	bare	c9c506401bc9	doc-instruction	no-change
CLAUDE.md	95	bare	7cebb407c069	doc-instruction	no-change
CLAUDE.md	127	bare	a08d523ec2b2	not-a-launch	no-change
README.md	27	bare	f6910b782f7a	not-a-launch	no-change
README.md	81	bare	8e7c5d41d2b8	not-a-launch	no-change
README.md	93	bare	0c1dafac2f31	not-a-launch	no-change
README.md	94	bare	e9a5bb995d17	not-a-launch	no-change
README.md	95	bare	4fb86afae05d	not-a-launch	no-change
README.md	96	bare	7f67d3bb2cea	not-a-launch	no-change
README.md	105	bare	ff97af9c3dae	not-a-launch	no-change
README.md	110	bare	766f5f22ed86	not-a-launch	no-change
README.md	111	bare	7ff7f35ec89a	not-a-launch	no-change
README.md	123	bare	f539be6d2390	not-a-launch	no-change
README.md	145	bare	c861c49dc61c	not-a-launch	no-change
README.md	155	bare	3ff9bb618757	not-a-launch	no-change
README.md	169	bare	3742262c822c	not-a-launch	no-change
README.md	180	bare	25e52958a5c7	not-a-launch	no-change
README.md	187	bare	2800c844c753	not-a-launch	no-change
README.md	188	bare	e7804796320b	not-a-launch	no-change
README.md	199	bare	bf1ad82112d4	not-a-launch	no-change
README.md	200	bare	e581e75cf809	not-a-launch	no-change
README.md	210	bare	9c967119e335	not-a-launch	no-change
README.md	211	bare	27682cb39029	not-a-launch	no-change
README.md	212	bare	33f2f8b97c05	not-a-launch	no-change
README.md	215	bare	e19862943343	not-a-launch	no-change
README.md	220	bare	c81e8e99a269	not-a-launch	no-change
README.md	247	bare	e736e5091e26	doc-instruction	no-change
README.md	309	bare	9d1b0d889864	not-a-launch	no-change
README.md	314	bare	c12b0fcc571c	not-a-launch	no-change
README.md	330	bare	d3db10983f25	doc-instruction	no-change
README.md	331	bare	271fd48a9a06	doc-instruction	no-change
README.md	338	bare	09fac11e6e28	doc-instruction	no-change
README.md	339	bare	271fd48a9a06	doc-instruction	no-change
README.md	341	bare	0701915ccc4f	doc-instruction	no-change
README.md	348	bare	82dad2e92747	not-a-launch	no-change
README.md	355	bare	fcda36d3e86d	doc-instruction	no-change
README.md	356	bare	abf2ccfc7996	doc-instruction	no-change
README.md	357	bare	cf8b5a6f37df	doc-instruction	no-change
README.md	358	bare	a41e3cc0a47e	doc-instruction	no-change
README.md	359	bare	3c869fee4b87	doc-instruction	no-change
README.md	382	bare	f46bd0e1a395	not-a-launch	no-change
README.md	383	bare	29a94aa32a9c	not-a-launch	no-change
README.md	387	bare	960a8c8e1de6	not-a-launch	no-change
README.md	389	bare	ac9877aa7eb9	not-a-launch	no-change
README.md	392	bare	a964ba6cb1c4	doc-instruction	no-change
README.md	394	bare	f5dffc3aa65a	doc-instruction	no-change
README.md	400	bare	23675da1e8eb	not-a-launch	no-change
README.md	408	bare	96de624f3aa8	not-a-launch	no-change
README.md	409	bare	e43105f21ede	not-a-launch	no-change
README.md	413	bare	a14315710005	doc-instruction	must-change
README.md	414	bare	9a18aa2087bb	doc-instruction	must-change
README.md	427	bare	ee57d77fba82	not-a-launch	no-change
README.md	436	bare	ac5db6c99922	not-a-launch	no-change
README.md	465	bare	3984ccc9c475	not-a-launch	no-change
README.md	478	bare	f3cf15201a38	not-a-launch	no-change
agents/fable-panel-reviewer.md	40	bare	be9859e4be58	not-a-launch	no-change
agents/flash-implementer.md	8	bare	a14e7a5c428b	not-a-launch	no-change
agents/flash-implementer.md	47	bare	33e600744b4a	doc-instruction	no-change
agents/flash-implementer.md	78	bare	4a408dc989c4	doc-instruction	no-change
agents/flash-implementer.md	79	bare	eb7204b083a7	doc-instruction	no-change
commands/doctor.md	27	bare	6c6a88bfb3bc	doc-instruction	no-change
commands/doctor.md	44	bare	70624d887f63	not-a-launch	no-change
commands/doctor.md	50	bare	a5859e61b312	doc-instruction	no-change
commands/doctor.md	70	bare	e3e26dcbdf70	doc-instruction	no-change
commands/doctor.md	86	bare	9bace1dd81cf	not-a-launch	no-change
commands/doctor.md	88	bare	86cc41e2b383	not-a-launch	no-change
commands/doctor.md	94	bare	a550fa06d4c7	doc-instruction	no-change
commands/doctor.md	108	bare	bc6d32eee05c	not-a-launch	no-change
commands/doctor.md	110	bare	597b727bb46d	doc-instruction	no-change
commands/doctor.md	115	bare	13454c72f67e	not-a-launch	no-change
commands/doctor.md	116	bare	23ba6bdcf8f4	not-a-launch	no-change
commands/doctor.md	117	bare	becccdb18467	not-a-launch	no-change
commands/doctor.md	129	bare	bfb5344eaee4	not-a-launch	no-change
commands/doctor.md	132	bare	bd60931dccae	not-a-launch	no-change
commands/doctor.md	162	bare	983359f57c0b	not-a-launch	no-change
commands/doctor.md	184	bare	5edeba6bb8f1	not-a-launch	no-change
commands/doctor.md	204	bare	c9e7eece4d62	doc-instruction	no-change
commands/doctor.md	215	bare	5ab3191bb5f5	doc-instruction	no-change
commands/doctor.md	235	bare	eca42d09cb2d	doc-instruction	no-change
commands/doctor.md	265	bare	2dea47ef9b2e	doc-instruction	no-change
commands/doctor.md	311	bare	d3eb8d58814a	doc-instruction	no-change
commands/doctor.md	313	bare	eb5ad8d176ff	doc-instruction	no-change
commands/doctor.md	334	bare	c4587ad59b86	doc-instruction	no-change
commands/doctor.md	340	bare	ca3ec7579b40	doc-instruction	must-change
commands/doctor.md	364	bare	6a788e79af0d	not-a-launch	no-change
commands/drift-triage.md	5	bare	f92a610bb916	not-a-launch	no-change
commands/drift-triage.md	17	bare	88a52394d063	not-a-launch	no-change
commands/drift-triage.md	52	bare	e12cc431da3c	not-a-launch	no-change
commands/drift-triage.md	55	bare	3e1d309939a6	doc-instruction	no-change
commands/drift-triage.md	67	bare	7b3e9724c421	not-a-launch	no-change
commands/drift-triage.md	73	bare	dc57ece19c95	not-a-launch	no-change
commands/drift-triage.md	74	bare	f5e9f44b2917	doc-instruction	no-change
commands/drift-triage.md	80	bare	da92cb8d5709	doc-instruction	no-change
commands/drift-triage.md	85	bare	76c7d4f577ea	not-a-launch	no-change
commands/drift-triage.md	96	bare	72beae99623a	doc-instruction	no-change
docs/superpowers/plans/2026-08-22-item48-pwsh7-feasibility.md	167	bare	2c8c38bda1c2	doc-instruction	no-change
docs/superpowers/plans/2026-08-22-item48-pwsh7-feasibility.md	300	bare	095361e1f0aa	doc-instruction	no-change
docs/superpowers/plans/2026-08-22-item48-pwsh7-feasibility.md	301	bare	df3d7f0e9118	doc-instruction	no-change
docs/superpowers/plans/2026-08-22-item48-pwsh7-feasibility.md	318	bare	cdbf3ebae2a1	not-a-launch	no-change
docs/superpowers/plans/2026-08-22-item48-pwsh7-feasibility.md	351	bare	cc1b55560db7	not-a-launch	no-change
docs/superpowers/plans/2026-08-22-item48-pwsh7-feasibility.md	362	bare	022b6cb0a5d1	not-a-launch	no-change
docs/superpowers/plans/2026-08-22-item48-pwsh7-feasibility.md	363	bare	996189bc9062	not-a-launch	no-change
docs/superpowers/plans/2026-08-22-item48-pwsh7-feasibility.md	365	bare	dc462d7f2d71	not-a-launch	no-change
docs/superpowers/plans/2026-08-22-item48-pwsh7-feasibility.md	367	bare	cc6113646de2	not-a-launch	no-change
docs/superpowers/plans/2026-08-22-item48-pwsh7-feasibility.md	371	bare	65546767a0b9	not-a-launch	no-change
docs/superpowers/plans/2026-08-22-item48-pwsh7-feasibility.md	375	bare	e40a429fac63	not-a-launch	no-change
docs/superpowers/plans/2026-08-22-item48-pwsh7-feasibility.md	378	bare	1b30c7e56f90	not-a-launch	no-change
docs/superpowers/plans/2026-08-22-item48-pwsh7-feasibility.md	384	bare	68b2af2326ba	not-a-launch	no-change
docs/superpowers/plans/2026-08-22-item48-pwsh7-feasibility.md	387	bare	36222cf0dd92	not-a-launch	no-change
docs/superpowers/plans/2026-08-22-item48-pwsh7-feasibility.md	410	bare	3f951c29fccb	not-a-launch	no-change
docs/superpowers/plans/2026-08-22-item48-pwsh7-feasibility.md	619	bare	b450bfb9be9b	doc-instruction	no-change
docs/superpowers/plans/2026-08-22-item48-pwsh7-feasibility.md	643	bare	46a370b6d991	not-a-launch	no-change
docs/superpowers/plans/2026-08-22-item48-pwsh7-feasibility.md	686	bare	86ea230119a3	launch-nonhost	no-change
docs/superpowers/plans/2026-08-22-item48-pwsh7-feasibility.md	735	bare	920ed32c7a4a	not-a-launch	no-change
docs/superpowers/plans/2026-08-22-item48-pwsh7-feasibility.md	754	bare	b45c03fe74f5	not-a-launch	no-change
docs/superpowers/plans/2026-08-22-item48-pwsh7-feasibility.md	755	bare	105bb69a5910	not-a-launch	no-change
docs/superpowers/plans/2026-08-22-item48-pwsh7-feasibility.md	782	bare	b450bfb9be9b	doc-instruction	no-change
docs/superpowers/plans/2026-08-22-item48-pwsh7-feasibility.md	835	bare	a67386b555b7	not-a-launch	no-change
docs/superpowers/plans/2026-08-22-item48-pwsh7-feasibility.md	857	bare	7f7d647e71e4	not-a-launch	no-change
docs/superpowers/plans/2026-08-22-item48-pwsh7-feasibility.md	858	bare	c9c0f6f26590	not-a-launch	no-change
docs/superpowers/plans/2026-08-22-item48-pwsh7-feasibility.md	859	bare	c6b460a1f58f	not-a-launch	no-change
docs/superpowers/plans/2026-08-22-item48-pwsh7-feasibility.md	860	bare	94d2db0b2d61	not-a-launch	no-change
docs/superpowers/plans/2026-08-22-item48-pwsh7-feasibility.md	875	bare	00526de4f78c	not-a-launch	no-change
docs/superpowers/plans/2026-08-22-item48-pwsh7-feasibility.md	889	bare	4383a3deb779	not-a-launch	no-change
docs/superpowers/plans/2026-08-22-item48-pwsh7-feasibility.md	907	bare	a338a48c7c47	launch-explicit	no-change
docs/superpowers/plans/2026-08-22-item48-pwsh7-feasibility.md	959	bare	2ee6f1b06bbe	fixture	no-change
docs/superpowers/plans/2026-08-22-item48-pwsh7-feasibility.md	1044	bare	02fe04c55f5b	not-a-launch	no-change
docs/superpowers/plans/2026-08-22-item48-pwsh7-feasibility.md	1049	bare	ecf041dd0e52	not-a-launch	no-change
docs/superpowers/plans/2026-08-22-item48-pwsh7-feasibility.md	1061	bare	435b7a3857cb	not-a-launch	no-change
docs/superpowers/plans/2026-08-22-item48-pwsh7-feasibility.md	1172	bare	f9d7ceb1d4e6	not-a-launch	no-change
docs/superpowers/plans/2026-08-22-item48-pwsh7-feasibility.md	1203	bare	68cd0bdd395c	launch-explicit	no-change
docs/superpowers/plans/2026-08-22-item48-pwsh7-feasibility.md	1255	bare	e99b4686965c	doc-instruction	no-change
docs/superpowers/plans/2026-08-22-item48-pwsh7-feasibility.md	1341	bare	d6c8d8bb3036	not-a-launch	no-change
docs/superpowers/plans/2026-08-22-item48-pwsh7-feasibility.md	1362	bare	6637db044ba2	launch-nonhost	no-change
docs/superpowers/plans/2026-08-22-item48-pwsh7-feasibility.md	1561	bare	fec9c62f733d	not-a-launch	no-change
docs/superpowers/plans/2026-08-22-item48-pwsh7-feasibility.md	1574	bare	6b8adcaa88f6	launch-nonhost	no-change
docs/superpowers/plans/2026-08-22-item48-pwsh7-feasibility.md	1764	bare	92b0b161e2d1	doc-instruction	no-change
docs/superpowers/plans/2026-08-22-item48-pwsh7-feasibility.md	1844	bare	6637db044ba2	launch-nonhost	no-change
docs/superpowers/plans/2026-08-22-item48-pwsh7-feasibility.md	1944	bare	b450bfb9be9b	doc-instruction	no-change
docs/superpowers/plans/2026-08-22-item48-pwsh7-feasibility.md	2055	bare	1cbca32708a7	launch-nonhost	no-change
docs/superpowers/plans/2026-08-22-item48-pwsh7-feasibility.md	2075	bare	eca02137573b	not-a-launch	no-change
docs/superpowers/plans/2026-08-22-item48-pwsh7-feasibility.md	2088	bare	3188adbaa11e	not-a-launch	no-change
docs/superpowers/plans/2026-08-22-item48-pwsh7-feasibility.md	2099	bare	f6c0340250ad	not-a-launch	no-change
docs/superpowers/plans/2026-08-22-item48-pwsh7-feasibility.md	2131	bare	22cce3339f13	not-a-launch	no-change
docs/superpowers/plans/2026-08-22-item48-pwsh7-feasibility.md	2132	bare	103d1456de7c	not-a-launch	no-change
docs/superpowers/plans/2026-08-22-item48-pwsh7-feasibility.md	2133	bare	b290307d9440	not-a-launch	no-change
docs/superpowers/plans/2026-08-22-item48-pwsh7-feasibility.md	2141	bare	3fb7c390b59d	not-a-launch	no-change
docs/superpowers/plans/2026-08-22-item48-pwsh7-feasibility.md	2146	bare	d67b5a8d545d	not-a-launch	no-change
docs/superpowers/plans/2026-08-22-item48-pwsh7-feasibility.md	2148	bare	9b7b5ab56e7b	not-a-launch	no-change
docs/superpowers/plans/2026-08-22-item48-pwsh7-feasibility.md	2149	bare	e46d7479e034	not-a-launch	no-change
docs/superpowers/plans/rounds/2026-08-22-item48-pwsh7-feasibility/survey.py	17	bare	095361e1f0aa	doc-instruction	no-change
docs/superpowers/plans/rounds/2026-08-22-item48-pwsh7-feasibility/survey.py	18	bare	df3d7f0e9118	doc-instruction	no-change
docs/superpowers/plans/rounds/2026-08-22-item48-pwsh7-feasibility/survey.py	35	bare	cdbf3ebae2a1	not-a-launch	no-change
docs/superpowers/plans/rounds/2026-08-22-item48-pwsh7-feasibility/survey.py	68	bare	cc1b55560db7	not-a-launch	no-change
docs/superpowers/plans/rounds/2026-08-22-item48-pwsh7-feasibility/survey.py	79	bare	022b6cb0a5d1	not-a-launch	no-change
docs/superpowers/plans/rounds/2026-08-22-item48-pwsh7-feasibility/survey.py	80	bare	996189bc9062	not-a-launch	no-change
docs/superpowers/plans/rounds/2026-08-22-item48-pwsh7-feasibility/survey.py	82	bare	dc462d7f2d71	not-a-launch	no-change
docs/superpowers/plans/rounds/2026-08-22-item48-pwsh7-feasibility/survey.py	84	bare	cc6113646de2	not-a-launch	no-change
docs/superpowers/plans/rounds/2026-08-22-item48-pwsh7-feasibility/survey.py	88	bare	65546767a0b9	not-a-launch	no-change
docs/superpowers/plans/rounds/2026-08-22-item48-pwsh7-feasibility/survey.py	92	bare	e40a429fac63	not-a-launch	no-change
docs/superpowers/plans/rounds/2026-08-22-item48-pwsh7-feasibility/survey.py	95	bare	1b30c7e56f90	not-a-launch	no-change
docs/superpowers/plans/rounds/2026-08-22-item48-pwsh7-feasibility/survey.py	101	bare	68b2af2326ba	not-a-launch	no-change
docs/superpowers/plans/rounds/2026-08-22-item48-pwsh7-feasibility/survey.py	104	bare	36222cf0dd92	not-a-launch	no-change
docs/superpowers/plans/rounds/2026-08-22-item48-pwsh7-feasibility/survey.py	127	bare	3f951c29fccb	not-a-launch	no-change
evals/multi-model-verify/evals.json	4	bare	6e7532bbf995	fixture	no-change
evals/multi-model-verify/evals.json	11	bare	08a17d5a8611	fixture	no-change
evals/multi-model-verify/evals.json	13	bare	62035e71b130	fixture	no-change
evals/multi-model-verify/evals.json	14	bare	e6b795688a4d	fixture	no-change
evals/multi-model-verify/evals.json	36	bare	c0aa8add30ee	fixture	no-change
evals/multi-model-verify/evals.json	39	bare	d49f0a66a029	fixture	no-change
evals/multi-model-verify/evals.json	98	bare	a316a57ef693	fixture	no-change
evals/multi-model-verify/evals.json	101	bare	6687e2f5be95	fixture	no-change
evals/multi-model-verify/evals.json	118	bare	73f3454d3b5e	fixture	no-change
evals/multi-model-verify/fixtures/contract-coverage-history/instance-10-pins.py	92	bare	8a1c7b21dab4	fixture	no-change
evals/multi-model-verify/fixtures/contract-coverage-history/instance-10-pins.py	107	bare	e898758bff1e	fixture	no-change
evals/multi-model-verify/fixtures/contract-coverage-history/instance-10-pins.py	158	bare	a25c45fce68c	fixture	no-change
evals/multi-model-verify/fixtures/contract-coverage-history/instance-11-pins.py	92	bare	8a1c7b21dab4	fixture	no-change
evals/multi-model-verify/fixtures/contract-coverage-history/instance-11-pins.py	107	bare	e898758bff1e	fixture	no-change
evals/multi-model-verify/fixtures/contract-coverage-history/instance-11-pins.py	169	bare	a25c45fce68c	fixture	no-change
evals/multi-model-verify/fixtures/contract-coverage-history/instance-12-doc.md	9	bare	291d90908185	fixture	no-change
evals/multi-model-verify/fixtures/kimi-round/fresh-log.log	1	bare	4dab91119d18	fixture	no-change
evals/multi-model-verify/fixtures/kimi-round/resume-log.log	1	bare	4dab91119d18	fixture	no-change
evals/multi-model-verify/fixtures/kimi-round/resume-log.log	7	bare	fecaeba64c0e	fixture	no-change
evals/multi-model-verify/fixtures/stub-appserver/stub-appserver.cmd	6	bare	1708e9fd0fff	not-a-launch	no-change
evals/multi-model-verify/fixtures/stub-appserver/stub-appserver.ps1	1	bare	be255e5ebaf1	not-a-launch	no-change
evals/multi-model-verify/fixtures/stub-codex/stub-codex.ps1	1	bare	544b4f2654d4	not-a-launch	no-change
evals/multi-model-verify/test_backup_lane.py	107	bare	9c72a57c2313	not-a-launch	no-change
evals/multi-model-verify/test_backup_lane.py	135	bare	b48978a0a2fb	not-a-launch	no-change
evals/multi-model-verify/test_backup_lane.py	178	bare	5f03d160c7b5	not-a-launch	no-change
evals/multi-model-verify/test_backup_lane.py	280	bare	088b5f7bf743	not-a-launch	no-change
evals/multi-model-verify/test_backup_lane.py	291	bare	4866cea0cf3f	not-a-launch	no-change
evals/multi-model-verify/test_backup_lane.py	302	bare	08116d6cb7c0	not-a-launch	no-change
evals/multi-model-verify/test_backup_lane.py	308	bare	38b1f5be18e0	not-a-launch	no-change
evals/multi-model-verify/test_backup_lane.py	334	bare	fdec6250ece5	not-a-launch	no-change
evals/multi-model-verify/test_backup_lane.py	394	bare	64803c9b8693	not-a-launch	no-change
evals/multi-model-verify/test_backup_lane.py	491	bare	fb526668691d	not-a-launch	no-change
evals/multi-model-verify/test_backup_lane.py	555	bare	8c72f088a19b	not-a-launch	no-change
evals/multi-model-verify/test_backup_lane.py	624	bare	9c8dc465f1f9	not-a-launch	no-change
evals/multi-model-verify/test_backup_lane.py	628	bare	a25c45fce68c	not-a-launch	no-change
evals/multi-model-verify/test_backup_lane.py	634	bare	bc184ff5d483	not-a-launch	no-change
evals/multi-model-verify/test_backup_lane.py	647	bare	75f05a0ccebb	not-a-launch	no-change
evals/multi-model-verify/test_backup_lane.py	655	bare	46124f2ea612	not-a-launch	no-change
evals/multi-model-verify/test_backup_lane.py	687	bare	aced4f0e6931	not-a-launch	no-change
evals/multi-model-verify/test_backup_lane.py	801	bare	3e7e00a0a28a	not-a-launch	no-change
evals/multi-model-verify/test_backup_lane.py	855	bare	fd14620e21cd	not-a-launch	no-change
evals/multi-model-verify/test_backup_lane.py	877	bare	cebce9236745	not-a-launch	no-change
evals/multi-model-verify/test_backup_lane.py	952	bare	da6200d0db7c	not-a-launch	no-change
evals/multi-model-verify/test_backup_lane.py	1227	bare	36daa807ac12	not-a-launch	no-change
evals/multi-model-verify/test_backup_lane.py	1247	bare	997292e0f094	not-a-launch	no-change
evals/multi-model-verify/test_backup_lane.py	1272	bare	581080d14a19	not-a-launch	no-change
evals/multi-model-verify/test_backup_lane.py	1324	bare	548c109740c3	not-a-launch	no-change
evals/multi-model-verify/test_backup_lane.py	1330	bare	8c55cf6e70fb	not-a-launch	no-change
evals/multi-model-verify/test_backup_lane.py	1356	bare	548c109740c3	not-a-launch	no-change
evals/multi-model-verify/test_backup_lane.py	1362	bare	548c109740c3	not-a-launch	no-change
evals/multi-model-verify/test_backup_lane.py	1390	bare	757c606d63d6	not-a-launch	no-change
evals/multi-model-verify/test_backup_lane.py	1397	bare	548c109740c3	not-a-launch	no-change
evals/multi-model-verify/test_backup_lane.py	1403	bare	548c109740c3	not-a-launch	no-change
evals/multi-model-verify/test_backup_lane.py	1445	bare	c23556043dd9	not-a-launch	no-change
evals/multi-model-verify/test_backup_lane.py	1481	bare	b5914f594a1a	not-a-launch	no-change
evals/multi-model-verify/test_backup_lane.py	1483	bare	3b1cbee2b1fd	not-a-launch	no-change
evals/multi-model-verify/test_codex_context_probe.py	1	bare	c4dd9c7e12cb	not-a-launch	no-change
evals/multi-model-verify/test_codex_context_probe.py	275	bare	0f17d207df85	not-a-launch	no-change
evals/multi-model-verify/test_codex_context_probe.py	281	bare	3dcedd75b2bb	not-a-launch	no-change
evals/multi-model-verify/test_codex_context_probe.py	641	bare	9d810c775a15	not-a-launch	no-change
evals/multi-model-verify/test_codex_context_probe.py	723	bare	05fb3f6ebf36	not-a-launch	no-change
evals/multi-model-verify/test_codex_round_evidence.py	1	bare	61ba4f3f69a5	not-a-launch	no-change
evals/multi-model-verify/test_codex_round_evidence.py	5	bare	43d793a1b329	not-a-launch	no-change
evals/multi-model-verify/test_codex_round_evidence.py	62	bare	372f8ab31c94	not-a-launch	no-change
evals/multi-model-verify/test_codex_round_evidence.py	106	bare	2aea46964d73	not-a-launch	no-change
evals/multi-model-verify/test_codex_round_evidence.py	123	bare	eec5d39441da	not-a-launch	no-change
evals/multi-model-verify/test_codex_round_evidence.py	1708	bare	fe0e3f2b6d0d	not-a-launch	no-change
evals/multi-model-verify/test_codex_tool_surface_probe.py	5	bare	6fae7ef891c2	not-a-launch	no-change
evals/multi-model-verify/test_codex_tool_surface_probe.py	378	bare	0a449cbb819f	not-a-launch	no-change
evals/multi-model-verify/test_codex_tool_surface_probe.py	419	bare	602173a8a6b8	not-a-launch	no-change
evals/multi-model-verify/test_codex_tool_surface_probe.py	425	bare	86cd73ae9bde	fixture	no-change
evals/multi-model-verify/test_codex_tool_surface_probe.py	445	bare	e4aba78b3272	not-a-launch	no-change
evals/multi-model-verify/test_contract_coverage.py	625	bare	7854c230f837	not-a-launch	no-change
evals/multi-model-verify/test_contract_coverage.py	637	bare	3e2185deac02	not-a-launch	no-change
evals/multi-model-verify/test_contract_coverage.py	700	bare	b2cc40fd802c	not-a-launch	no-change
evals/multi-model-verify/test_flash_implementer.py	80	bare	5dbdfc27aa42	not-a-launch	no-change
evals/multi-model-verify/test_kimi_credential_state.py	3	bare	765feba9f34a	not-a-launch	no-change
evals/multi-model-verify/test_kimi_lane_home.py	1	bare	ddabe6f2af09	not-a-launch	no-change
evals/multi-model-verify/test_kimi_lane_home.py	559	bare	95308a6c1088	not-a-launch	no-change
evals/multi-model-verify/test_kimi_lane_home.py	820	bare	854d8eee510d	not-a-launch	no-change
evals/multi-model-verify/test_kimi_lane_lock.py	1	bare	1dcf92d85c29	not-a-launch	no-change
evals/multi-model-verify/test_kimi_lane_login.py	1	bare	8d11e0fdfc58	not-a-launch	no-change
evals/multi-model-verify/test_kimi_round_evidence.py	2	bare	14fadbb20857	not-a-launch	no-change
evals/multi-model-verify/test_kimi_round_evidence.py	7	bare	0cff321f4e86	not-a-launch	no-change
evals/multi-model-verify/test_kimi_round_evidence.py	1835	bare	c8429eca1ec8	not-a-launch	no-change
evals/multi-model-verify/test_kimi_round_evidence.py	1887	bare	23235ee61000	not-a-launch	no-change
evals/multi-model-verify/test_lane_credential_live.py	10	bare	99f013c41282	not-a-launch	no-change
evals/multi-model-verify/test_lane_credential_live.py	13	bare	151b6ebb5f6a	not-a-launch	no-change
evals/multi-model-verify/test_lane_credential_live.py	47	bare	db33bbda4242	not-a-launch	no-change
evals/multi-model-verify/test_lane_credential_live_support.py	2	bare	fa72d25db3b4	not-a-launch	no-change
evals/multi-model-verify/test_lane_credential_live_support.py	922	bare	d9fc8f5ad8de	not-a-launch	no-change
evals/multi-model-verify/test_lock_protocol_live.py	1	bare	e54407611349	not-a-launch	no-change
evals/multi-model-verify/test_multi_model_verify.py	80	bare	f7ce4da01dac	not-a-launch	no-change
evals/multi-model-verify/test_multi_model_verify.py	99	bare	a9aaaba05adc	not-a-launch	no-change
evals/multi-model-verify/test_multi_model_verify.py	204	bare	2279dc6cb32b	not-a-launch	no-change
evals/multi-model-verify/test_multi_model_verify.py	263	bare	9e9f619e1152	not-a-launch	no-change
evals/multi-model-verify/test_multi_model_verify.py	274	bare	6542c94953cf	not-a-launch	no-change
evals/multi-model-verify/test_multi_model_verify.py	280	bare	4b1e91659f89	not-a-launch	no-change
evals/multi-model-verify/test_multi_model_verify.py	286	bare	43298a2d2946	not-a-launch	no-change
evals/multi-model-verify/test_multi_model_verify.py	588	bare	60edf8f9b238	not-a-launch	no-change
evals/multi-model-verify/test_multi_model_verify.py	599	bare	863db2c71a2f	not-a-launch	no-change
evals/multi-model-verify/test_multi_model_verify.py	615	bare	20bc0500ca9c	not-a-launch	no-change
evals/multi-model-verify/test_multi_model_verify.py	631	bare	4faa444677d2	not-a-launch	no-change
evals/multi-model-verify/test_multi_model_verify.py	701	bare	4c594c3112b9	not-a-launch	no-change
evals/multi-model-verify/test_multi_model_verify.py	718	bare	32245dd09667	not-a-launch	no-change
evals/multi-model-verify/test_multi_model_verify.py	802	bare	7974c815133c	not-a-launch	no-change
evals/multi-model-verify/test_multi_model_verify.py	846	bare	2b952bef8927	not-a-launch	no-change
evals/multi-model-verify/test_multi_model_verify.py	876	bare	a36c869ac687	not-a-launch	no-change
evals/multi-model-verify/test_multi_model_verify.py	877	bare	44f35bcb7979	not-a-launch	no-change
evals/multi-model-verify/test_multi_model_verify.py	974	bare	c883c210e5f8	not-a-launch	no-change
evals/multi-model-verify/test_multi_model_verify.py	977	bare	7efa8fe44ec6	not-a-launch	no-change
evals/multi-model-verify/test_multi_model_verify.py	990	bare	454b19bd7b6d	not-a-launch	no-change
evals/multi-model-verify/test_multi_model_verify.py	1172	bare	30d5686cc6a5	not-a-launch	no-change
evals/multi-model-verify/test_multi_model_verify.py	1204	bare	e9968070cb5b	not-a-launch	no-change
evals/multi-model-verify/test_multi_model_verify.py	1377	bare	cd5b94d6ac59	not-a-launch	no-change
evals/multi-model-verify/test_multi_model_verify.py	1378	bare	2299dc94b62f	not-a-launch	no-change
evals/multi-model-verify/test_multi_model_verify.py	1393	bare	f3866344d636	not-a-launch	no-change
evals/multi-model-verify/test_multi_model_verify.py	1465	bare	7e2995e1b36e	not-a-launch	no-change
evals/multi-model-verify/test_multi_model_verify.py	1499	bare	90492d34d22f	not-a-launch	no-change
evals/multi-model-verify/test_multi_model_verify.py	1644	bare	0e3838df5ac4	not-a-launch	no-change
evals/multi-model-verify/test_multi_model_verify.py	1656	bare	0fe11c591b61	not-a-launch	no-change
evals/multi-model-verify/test_multi_model_verify.py	1672	bare	4400d466d009	not-a-launch	no-change
evals/multi-model-verify/test_multi_model_verify.py	2535	bare	1f795d33e0bc	not-a-launch	no-change
evals/multi-model-verify/test_multi_model_verify.py	2536	bare	17557362c0a8	not-a-launch	no-change
evals/multi-model-verify/test_multi_model_verify.py	2545	bare	400a9d84c0ff	not-a-launch	no-change
evals/multi-model-verify/test_multi_model_verify.py	2553	bare	52b1e3fbd36f	not-a-launch	no-change
evals/multi-model-verify/test_multi_model_verify.py	2599	bare	b9024ad67296	not-a-launch	no-change
evals/multi-model-verify/test_multi_model_verify.py	2619	bare	2cbc6dab101a	not-a-launch	no-change
evals/multi-model-verify/test_multi_model_verify.py	2646	bare	c8f7bc35424b	not-a-launch	no-change
evals/multi-model-verify/test_multi_model_verify.py	2705	bare	a88fb00e3fbf	not-a-launch	no-change
evals/multi-model-verify/test_multi_model_verify.py	2743	bare	5b791638d9a9	not-a-launch	no-change
evals/multi-model-verify/test_multi_model_verify.py	2760	bare	296b6d29d0c3	not-a-launch	no-change
evals/multi-model-verify/test_multi_model_verify.py	2775	bare	6873a3f46a0b	not-a-launch	no-change
evals/multi-model-verify/test_multi_model_verify.py	2786	bare	ab6b7a7906af	not-a-launch	no-change
evals/multi-model-verify/test_review_mirror.py	1664	bare	764991e09350	not-a-launch	no-change
evals/multi-model-verify/test_route_parser_shapes.py	113	bare	7939fa9b8eba	fixture	no-change
evals/multi-model-verify/test_route_parser_shapes.py	299	bare	7e8bd70324ce	not-a-launch	no-change
evals/multi-model-verify/test_seat_reshuffle.py	80	bare	9cdce3396297	not-a-launch	no-change
evals/multi-model-verify/test_seat_reshuffle.py	155	bare	bee9934307ea	not-a-launch	no-change
evals/tools/check_workflow_paths.py	8	bare	478f7994cc6e	not-a-launch	no-change
evals/tools/check_workflow_paths.py	9	bare	b3323e458e60	not-a-launch	no-change
evals/tools/drift_statemachine_tests.ps1	1	bare	d9c7935b0110	not-a-launch	no-change
evals/tools/drift_statemachine_tests.ps1	54	bare	a76d055c826e	not-a-launch	no-change
evals/tools/drift_statemachine_tests.ps1	244	bare	f8367251aca4	fixture	no-change
evals/tools/drift_statemachine_tests.ps1	317	bare	ae636367c699	not-a-launch	no-change
evals/tools/drift_statemachine_tests.ps1	323	bare	ba6b3f805c89	not-a-launch	no-change
evals/tools/drift_statemachine_tests.ps1	359	bare	335d0d69092e	not-a-launch	no-change
evals/tools/drift_statemachine_tests.ps1	361	bare	1c23719ce002	not-a-launch	no-change
evals/tools/drift_statemachine_tests.ps1	362	bare	9f939a719d46	not-a-launch	no-change
evals/tools/drift_statemachine_tests.ps1	364	bare	1ba2a9e3d385	not-a-launch	no-change
evals/tools/drift_statemachine_tests.ps1	371	bare	3d7c51c847f0	not-a-launch	no-change
evals/tools/drift_statemachine_tests.ps1	373	bare	e9a00c8b3793	not-a-launch	no-change
evals/tools/drift_statemachine_tests.ps1	409	bare	d0c3bd2e6c09	fixture	no-change
evals/tools/drift_statemachine_tests.ps1	420	bare	0af7e155eb00	not-a-launch	no-change
evals/tools/drift_statemachine_tests.ps1	460	bare	7ae1009ee076	not-a-launch	no-change
evals/tools/drift_statemachine_tests.ps1	498	bare	3eccb61f14dc	not-a-launch	no-change
evals/tools/drift_statemachine_tests.ps1	552	bare	2805289cf5ef	test-harness	no-change
evals/tools/drift_statemachine_tests.ps1	595	bare	d9f6da098e32	not-a-launch	no-change
evals/tools/drift_statemachine_tests.ps1	604	bare	e0d712761db8	not-a-launch	no-change
evals/tools/drift_statemachine_tests.ps1	606	bare	7765e54e3d75	not-a-launch	no-change
evals/tools/drift_statemachine_tests.ps1	863	bare	a0335b89dbd7	not-a-launch	no-change
evals/tools/drift_statemachine_tests.ps1	871	bare	631f27694fdb	not-a-launch	no-change
evals/tools/drift_statemachine_tests.ps1	929	bare	12cafdadf3d8	not-a-launch	no-change
evals/tools/drift_statemachine_tests.ps1	934	bare	8ef17fac9fe9	not-a-launch	no-change
evals/tools/drift_statemachine_tests.ps1	936	bare	630dfec32675	not-a-launch	no-change
evals/tools/drift_statemachine_tests.ps1	940	bare	f0a9c7c046be	not-a-launch	no-change
evals/tools/drift_statemachine_tests.ps1	946	bare	c78aacd3293d	not-a-launch	no-change
evals/tools/drift_statemachine_tests.ps1	947	bare	56e50e331e04	not-a-launch	no-change
evals/tools/drift_statemachine_tests.ps1	952	bare	a8007c10f95f	not-a-launch	no-change
evals/tools/drift_statemachine_tests.ps1	955	bare	a448e314d590	not-a-launch	no-change
evals/tools/drift_statemachine_tests.ps1	974	bare	a12b8256ab01	not-a-launch	no-change
evals/tools/drift_statemachine_tests.ps1	975	bare	9d5e27b9c4c5	not-a-launch	no-change
evals/tools/drift_statemachine_tests.ps1	977	bare	000f22772bba	not-a-launch	no-change
evals/tools/drift_statemachine_tests.ps1	988	bare	f91b042cff5c	not-a-launch	no-change
evals/tools/drift_statemachine_tests.ps1	989	bare	a5100d92b19c	not-a-launch	no-change
evals/tools/drift_statemachine_tests.ps1	997	bare	6a9fe0af11c8	not-a-launch	no-change
evals/tools/drift_statemachine_tests.ps1	1006	bare	c4ccb266d82e	not-a-launch	no-change
evals/tools/drift_statemachine_tests.ps1	1009	bare	64896a4c53d7	not-a-launch	no-change
evals/tools/drift_statemachine_tests.ps1	1036	bare	a5933a2ce247	not-a-launch	no-change
evals/tools/drift_statemachine_tests.ps1	1037	bare	a75bfc8c1ce5	not-a-launch	no-change
evals/tools/drift_statemachine_tests.ps1	1043	bare	6b85b8cf400a	not-a-launch	no-change
evals/tools/drift_statemachine_tests.ps1	1061	bare	bbc57c8a0bff	not-a-launch	no-change
evals/tools/drift_statemachine_tests.ps1	1062	bare	1b0b45729e30	not-a-launch	no-change
evals/tools/drift_statemachine_tests.ps1	1068	bare	5306550220b5	not-a-launch	no-change
evals/tools/drift_statemachine_tests.ps1	1078	bare	4ab16c61f9a5	not-a-launch	no-change
evals/tools/drift_statemachine_tests.ps1	1338	bare	8d59e9cf003f	not-a-launch	no-change
evals/tools/drift_statemachine_tests.ps1	1343	bare	7effd66f23c1	not-a-launch	no-change
evals/tools/drift_statemachine_tests.ps1	1352	bare	f618c79889ad	not-a-launch	no-change
evals/tools/lane_credential_live_support.py	1	bare	e7cfaec11a4b	not-a-launch	no-change
evals/tools/lane_credential_live_support.py	954	bare	8b7408b584c1	not-a-launch	no-change
evals/tools/lane_credential_live_support.py	996	bare	fb9d3ce91682	doc-instruction	no-change
evals/tools/lane_credential_live_support.py	1009	bare	839a7168bf9b	doc-instruction	no-change
evals/tools/run_behavioral_evals.py	3	bare	623d66a17386	not-a-launch	no-change
evals/tools/run_behavioral_evals.py	7	bare	6bb8d41e5c91	not-a-launch	no-change
evals/tools/run_behavioral_evals.py	8	bare	a63f9db94d6e	not-a-launch	no-change
evals/tools/run_behavioral_evals.py	10	bare	0af0355f9001	not-a-launch	no-change
evals/tools/run_behavioral_evals.py	13	bare	dbc235c8b0e0	doc-instruction	no-change
evals/tools/run_behavioral_evals.py	14	bare	6da9572b236b	doc-instruction	no-change
evals/tools/run_behavioral_evals.py	15	bare	2ec196707a92	doc-instruction	no-change
evals/tools/run_behavioral_evals.py	16	bare	75973936b163	doc-instruction	no-change
evals/tools/run_behavioral_evals.py	23	bare	d7281e4a4b41	doc-instruction	no-change
evals/tools/run_behavioral_evals.py	56	bare	617476113096	not-a-launch	no-change
evals/tools/run_behavioral_evals.py	64	bare	bd32428e4db7	not-a-launch	no-change
evals/tools/run_behavioral_evals.py	79	bare	50d26fc04e13	not-a-launch	no-change
evals/tools/run_behavioral_evals.py	233	bare	1b6e036d3409	not-a-launch	no-change
evals/tools/run_behavioral_evals.py	371	bare	557ee5900878	not-a-launch	no-change
evals/tools/run_behavioral_evals.py	373	bare	d22bf001ca03	not-a-launch	no-change
evals/tools/run_behavioral_evals.py	411	bare	4d1b62bfb1f6	not-a-launch	no-change
evals/tools/run_behavioral_evals.py	538	bare	fda1f79bade8	not-a-launch	no-change
evals/tools/run_behavioral_evals.py	593	bare	d1e473280f5b	not-a-launch	no-change
evals/tools/run_behavioral_evals.py	627	bare	f2e19db32c9e	not-a-launch	no-change
evals/tools/run_behavioral_evals.py	631	bare	4e6b75ec40be	not-a-launch	no-change
evals/tools/run_behavioral_evals.py	651	bare	810bfed1a3b5	not-a-launch	no-change
evals/tools/run_behavioral_evals.py	660	bare	f891e4794c9a	not-a-launch	no-change
evals/tools/run_behavioral_evals.py	669	bare	b653c1b28337	not-a-launch	no-change
evals/tools/run_behavioral_evals.py	724	bare	80730e932384	not-a-launch	no-change
evals/tools/run_behavioral_evals.py	847	bare	55dc321430ce	not-a-launch	no-change
evals/tools/run_trigger_evals.py	74	bare	cfe6a89c40de	not-a-launch	no-change
evals/tools/run_trigger_evals.py	93	bare	6b9055034250	not-a-launch	no-change
evals/tools/run_trigger_evals.py	134	bare	8f69b339c841	not-a-launch	no-change
evals/tools/skill_scanner.py	75	bare	dbe0d401cb1a	not-a-launch	no-change
evals/tools/skill_scanner.py	77	bare	85d86df12abe	not-a-launch	no-change
skills/multi-model-verify/SKILL.md	11	bare	ff7a0dd68de9	not-a-launch	no-change
skills/multi-model-verify/SKILL.md	31	bare	2d412f3a9854	not-a-launch	no-change
skills/multi-model-verify/SKILL.md	45	bare	1ce867a9300e	doc-instruction	no-change
skills/multi-model-verify/SKILL.md	54	bare	cb537928d3c9	doc-instruction	no-change
skills/multi-model-verify/SKILL.md	62	bare	ec8e4530a43c	not-a-launch	no-change
skills/multi-model-verify/SKILL.md	94	bare	bf77b87345e2	doc-instruction	no-change
skills/multi-model-verify/SKILL.md	108	bare	911d415e1293	doc-instruction	no-change
skills/multi-model-verify/SKILL.md	121	bare	0885d49af2bc	doc-instruction	no-change
skills/multi-model-verify/SKILL.md	124	bare	fce06c0f24bd	not-a-launch	no-change
skills/multi-model-verify/SKILL.md	128	bare	f4dac3c8719b	not-a-launch	no-change
skills/multi-model-verify/SKILL.md	139	bare	8202410d40c7	not-a-launch	no-change
skills/multi-model-verify/SKILL.md	186	bare	a6cd2d839101	doc-instruction	no-change
skills/multi-model-verify/SKILL.md	228	bare	9a71c4b61176	doc-instruction	no-change
skills/multi-model-verify/SKILL.md	248	bare	f65333b50e06	doc-instruction	no-change
skills/multi-model-verify/SKILL.md	326	bare	af9333bc9210	doc-instruction	must-change
skills/multi-model-verify/SKILL.md	335	bare	26cca45ef0bf	not-a-launch	no-change
skills/multi-model-verify/SKILL.md	357	bare	061fdd9b454f	not-a-launch	no-change
skills/multi-model-verify/references/backup-lane.md	17	bare	f691c1e4466c	not-a-launch	no-change
skills/multi-model-verify/references/backup-lane.md	34	bare	c781a00b66b7	not-a-launch	no-change
skills/multi-model-verify/references/backup-lane.md	50	bare	f4c039dafb3c	doc-instruction	no-change
skills/multi-model-verify/references/backup-lane.md	119	bare	8805a549b038	doc-instruction	no-change
skills/multi-model-verify/references/backup-lane.md	128	bare	4afe1897f630	doc-instruction	no-change
skills/multi-model-verify/references/backup-lane.md	136	bare	443f746fd2f5	doc-instruction	no-change
skills/multi-model-verify/references/backup-lane.md	141	bare	a26aba8ca07f	doc-instruction	no-change
skills/multi-model-verify/references/backup-lane.md	164	bare	0e22369b7775	doc-instruction	no-change
skills/multi-model-verify/references/backup-lane.md	174	bare	a41223a58b60	doc-instruction	no-change
skills/multi-model-verify/references/backup-lane.md	194	bare	79a0b117fed3	not-a-launch	no-change
skills/multi-model-verify/references/backup-lane.md	267	bare	a5a1e6a1db48	doc-instruction	no-change
skills/multi-model-verify/references/backup-lane.md	298	bare	a7858be46e9c	not-a-launch	no-change
skills/multi-model-verify/references/backup-lane.md	374	bare	3e65ee54b264	not-a-launch	no-change
skills/multi-model-verify/references/backup-lane.md	379	bare	fc7080942725	not-a-launch	no-change
skills/multi-model-verify/references/backup-lane.md	400	bare	919e377d5b03	not-a-launch	no-change
skills/multi-model-verify/references/backup-lane.md	412	bare	fa3ea0cf90d8	not-a-launch	no-change
skills/multi-model-verify/references/backup-lane.md	476	bare	7fe4d4093121	not-a-launch	no-change
skills/multi-model-verify/references/backup-lane.md	696	bare	c313308724a5	doc-instruction	no-change
skills/multi-model-verify/references/backup-lane.md	697	bare	c916d1a036a9	not-a-launch	no-change
skills/multi-model-verify/references/fallbacks.md	45	bare	43ff1c12da97	not-a-launch	no-change
skills/multi-model-verify/references/fallbacks.md	55	bare	b91f9a2e2e60	not-a-launch	no-change
skills/multi-model-verify/references/fallbacks.md	56	bare	438fb2debf99	not-a-launch	no-change
skills/multi-model-verify/references/fallbacks.md	84	bare	befb7294bfbf	not-a-launch	no-change
skills/multi-model-verify/references/fallbacks.md	85	bare	98cf5327f1c7	not-a-launch	no-change
skills/multi-model-verify/references/fallbacks.md	87	bare	2d4fd32c90fc	not-a-launch	no-change
skills/multi-model-verify/references/fallbacks.md	91	bare	51e7e8c0ef1a	not-a-launch	no-change
skills/multi-model-verify/references/fallbacks.md	124	bare	38c98c60f239	not-a-launch	no-change
skills/multi-model-verify/references/fallbacks.md	175	bare	4ce8db15264d	not-a-launch	no-change
skills/multi-model-verify/references/fallbacks.md	185	bare	a4787496704d	not-a-launch	no-change
skills/multi-model-verify/references/fallbacks.md	188	bare	2b43cf3d7052	not-a-launch	no-change
skills/multi-model-verify/references/fallbacks.md	211	bare	d4a3a6385d87	not-a-launch	no-change
skills/multi-model-verify/references/fallbacks.md	307	bare	204a4222e234	not-a-launch	no-change
skills/multi-model-verify/references/frozen-plan-format.md	52	bare	f94014b23480	not-a-launch	no-change
skills/multi-model-verify/references/model-prompting-notes.md	96	bare	c26c47542135	not-a-launch	no-change
skills/multi-model-verify/references/model-prompting-notes.md	112	bare	38acfd9051eb	not-a-launch	no-change
skills/multi-model-verify/references/model-prompting-notes.md	167	bare	879fb058933e	doc-instruction	no-change
skills/multi-model-verify/references/model-prompting-notes.md	168	bare	e581e75cf809	not-a-launch	no-change
skills/multi-model-verify/references/model-prompting-notes.md	173	bare	08aaf2386a6e	not-a-launch	no-change
skills/multi-model-verify/references/model-prompting-notes.md	175	bare	15c10ecbf9dc	not-a-launch	no-change
skills/multi-model-verify/references/model-prompting-notes.md	218	bare	2ef20fe3bf2b	not-a-launch	no-change
skills/multi-model-verify/references/model-prompting-notes.md	220	bare	980b8561350f	not-a-launch	no-change
skills/multi-model-verify/references/model-prompting-notes.md	230	bare	0ade3dd44e4e	not-a-launch	no-change
skills/multi-model-verify/references/model-prompting-notes.md	237	bare	278d043278ee	not-a-launch	no-change
skills/multi-model-verify/references/model-prompting-notes.md	242	bare	f84493cb4964	not-a-launch	no-change
skills/multi-model-verify/references/model-prompting-notes.md	254	bare	4522e02eec50	not-a-launch	no-change
skills/multi-model-verify/references/model-prompting-notes.md	257	bare	6155574ea475	not-a-launch	no-change
skills/multi-model-verify/references/model-prompting-notes.md	264	bare	b384dac82b53	not-a-launch	no-change
skills/multi-model-verify/references/model-prompting-notes.md	267	bare	946b0bbf75ce	not-a-launch	no-change
skills/multi-model-verify/references/model-prompting-notes.md	291	bare	168338ba315f	not-a-launch	no-change
skills/multi-model-verify/references/model-prompting-notes.md	304	bare	de20a96f29f2	not-a-launch	no-change
skills/multi-model-verify/references/model-prompting-notes.md	315	bare	1d085a1f598c	not-a-launch	no-change
skills/multi-model-verify/references/model-prompting-notes.md	327	bare	2dc5e76db912	not-a-launch	no-change
skills/multi-model-verify/references/model-prompting-notes.md	338	bare	51dfaffa486b	not-a-launch	no-change
skills/multi-model-verify/references/model-prompting-notes.md	344	bare	7cbfa0355723	not-a-launch	no-change
skills/multi-model-verify/references/model-prompting-notes.md	361	bare	ad8d77a667bc	not-a-launch	no-change
skills/multi-model-verify/references/model-prompting-notes.md	374	bare	d2aa4af70d1f	not-a-launch	no-change
skills/multi-model-verify/references/model-prompting-notes.md	465	bare	ed371e65a25d	not-a-launch	no-change
skills/multi-model-verify/references/panels.md	49	bare	9e7ff25ba26c	not-a-launch	no-change
skills/multi-model-verify/references/panels.md	95	bare	291d90908185	doc-instruction	no-change
tools/check-drift.ps1	1	bare	d32c6b3fd4ba	not-a-launch	no-change
tools/check-drift.ps1	10	bare	ec27dc0b254d	not-a-launch	no-change
tools/check-drift.ps1	14	bare	155c02491a77	not-a-launch	no-change
tools/check-drift.ps1	20	bare	87a13687efc4	doc-instruction	no-change
tools/check-drift.ps1	112	bare	a9ae90de5bb3	launch-nonhost	no-change
tools/check-drift.ps1	116	bare	174730e40571	not-a-launch	no-change
tools/check-drift.ps1	120	bare	736879764e11	launch-nonhost	no-change
tools/check-drift.ps1	124	bare	37b78a6145a6	not-a-launch	no-change
tools/check-drift.ps1	129	bare	5351c70ebbcf	not-a-launch	no-change
tools/check-drift.ps1	251	bare	effa902985e4	not-a-launch	no-change
tools/check-drift.ps1	259	bare	be1107a80280	not-a-launch	no-change
tools/check-drift.ps1	264	bare	fc10e7c87a6a	launch-nonhost	no-change
tools/check-drift.ps1	278	bare	fd00eb7aefa4	not-a-launch	no-change
tools/check-drift.ps1	283	bare	4203251ad2f1	not-a-launch	no-change
tools/check-drift.ps1	285	bare	3ed70c700fef	not-a-launch	no-change
tools/check-drift.ps1	305	bare	98eeb46c0610	launch-nonhost	no-change
tools/check-drift.ps1	318	bare	36f0a566c5ab	not-a-launch	no-change
tools/check-drift.ps1	320	bare	0722976a6af7	not-a-launch	no-change
tools/check-drift.ps1	330	bare	d5c7f7ad2f5e	not-a-launch	no-change
tools/check-drift.ps1	338	bare	37fb8b79ceb7	not-a-launch	no-change
tools/check-drift.ps1	350	bare	1afe9c2dddd5	not-a-launch	no-change
tools/check-drift.ps1	359	bare	634d14d4b645	not-a-launch	no-change
tools/check-drift.ps1	361	bare	372796d27aeb	not-a-launch	no-change
tools/check-drift.ps1	411	bare	11b95d2a391c	not-a-launch	no-change
tools/check-drift.ps1	427	bare	ec726645e8e8	not-a-launch	no-change
tools/check-drift.ps1	438	bare	415c52cac147	not-a-launch	no-change
tools/check-drift.ps1	445	bare	e367cf7cbb01	launch-nonhost	no-change
tools/check-drift.ps1	497	bare	8621df7f47ea	not-a-launch	no-change
tools/check-drift.ps1	500	bare	3b9db9adc4ce	launch-nonhost	no-change
tools/check-drift.ps1	503	bare	c3e6c7df6a93	not-a-launch	no-change
tools/check-drift.ps1	506	bare	a738acc7b122	launch-nonhost	no-change
tools/check-drift.ps1	508	bare	9a5db4fe2185	not-a-launch	no-change
tools/check-drift.ps1	512	bare	8f707b8effa3	not-a-launch	no-change
tools/check-drift.ps1	516	bare	8ca413d65b53	not-a-launch	no-change
tools/check-drift.ps1	522	bare	507243637cf0	not-a-launch	no-change
tools/check-drift.ps1	524	bare	6fbea7fe365b	not-a-launch	no-change
tools/check-drift.ps1	529	bare	52c018a16bc1	launch-nonhost	no-change
tools/check-drift.ps1	536	bare	f43d3968df4d	not-a-launch	no-change
tools/check-drift.ps1	541	bare	625b4e50107c	not-a-launch	no-change
tools/check-drift.ps1	554	bare	7ad23f079f96	not-a-launch	no-change
tools/check-drift.ps1	583	bare	914b8e37b4b8	not-a-launch	no-change
tools/check-drift.ps1	611	bare	94b9c42ab96d	not-a-launch	no-change
tools/check-drift.ps1	619	bare	2a69b0ac3d86	not-a-launch	no-change
tools/check-drift.ps1	620	bare	fcb21a5c35bb	not-a-launch	no-change
tools/check-drift.ps1	625	bare	f40b9b070da4	not-a-launch	no-change
tools/check-drift.ps1	627	bare	d376729d6867	not-a-launch	no-change
tools/check-drift.ps1	629	bare	10ce8f6f3aa6	not-a-launch	no-change
tools/check-drift.ps1	645	bare	5f54bda8cb94	not-a-launch	no-change
tools/check-drift.ps1	656	bare	7d14ad105a5b	not-a-launch	no-change
tools/check-drift.ps1	813	bare	876d62066d66	not-a-launch	no-change
tools/check-drift.ps1	839	bare	f07cc1aaeec6	not-a-launch	no-change
tools/check-drift.ps1	858	bare	2383ec8ee724	not-a-launch	no-change
tools/check-drift.ps1	983	bare	4467f14ed7a7	launch-nonhost	no-change
tools/check-drift.ps1	1015	bare	e011a79c605b	not-a-launch	no-change
tools/check-drift.ps1	1034	bare	48f0879f5978	launch-nonhost	no-change
tools/check-drift.ps1	1038	bare	7556cde4a3b5	not-a-launch	no-change
tools/check-drift.ps1	1060	bare	3193a8421f2e	launch-nonhost	no-change
tools/check-drift.ps1	1066	bare	ed46c7a2c09a	not-a-launch	no-change
tools/check-drift.ps1	1167	bare	5da740093c05	not-a-launch	no-change
tools/check-drift.ps1	1193	bare	698449a5525f	not-a-launch	no-change
tools/check-drift.ps1	1196	bare	353918b14102	not-a-launch	no-change
tools/check-drift.ps1	1197	bare	7c3cdb41c9bd	not-a-launch	no-change
tools/codex-context-probe.ps1	1	bare	d149328d47bc	not-a-launch	no-change
tools/codex-context-probe.ps1	11	bare	e25cb429ab7e	not-a-launch	no-change
tools/codex-context-probe.ps1	12	bare	bd1998740f4d	not-a-launch	no-change
tools/codex-context-probe.ps1	15	bare	0b95cd941c96	not-a-launch	no-change
tools/codex-context-probe.ps1	16	bare	a888542213ee	not-a-launch	no-change
tools/codex-context-probe.ps1	20	bare	a0aec9a16aab	not-a-launch	no-change
tools/codex-context-probe.ps1	26	bare	3cf640b860cc	not-a-launch	no-change
tools/codex-context-probe.ps1	44	bare	2b8290f114c9	not-a-launch	no-change
tools/codex-context-probe.ps1	641	bare	9fe755e531f1	not-a-launch	no-change
tools/codex-context-probe.ps1	647	bare	4742c639001f	not-a-launch	no-change
tools/codex-context-probe.ps1	741	bare	61dd7255e476	not-a-launch	no-change
tools/codex-context-probe.ps1	743	bare	0fc9d163be4e	launch-nonhost	no-change
tools/codex-context-probe.ps1	770	bare	c90787dfefde	not-a-launch	no-change
tools/codex-context-probe.ps1	781	bare	cdca274ed419	not-a-launch	no-change
tools/codex-context-probe.ps1	812	bare	3ae698d16c7c	not-a-launch	no-change
tools/codex-context-probe.ps1	874	bare	68730de89f3c	not-a-launch	no-change
tools/codex-tool-surface-probe.ps1	1	bare	7f2f69f91c73	not-a-launch	no-change
tools/codex-tool-surface-probe.ps1	9	bare	7bd40ca5b5de	not-a-launch	no-change
tools/codex-tool-surface-probe.ps1	35	bare	98373687c41d	not-a-launch	no-change
tools/codex-tool-surface-probe.ps1	37	bare	b7c2e80015ee	not-a-launch	no-change
tools/codex-tool-surface-probe.ps1	94	bare	c1bdc9045b1c	not-a-launch	no-change
tools/codex-tool-surface-probe.ps1	120	bare	1c90f01bf647	not-a-launch	no-change
tools/codex-tool-surface-probe.ps1	121	bare	c1ffb8df2104	not-a-launch	no-change
tools/codex-tool-surface-probe.ps1	123	bare	1ff981edc7e7	not-a-launch	no-change
tools/codex-tool-surface-probe.ps1	142	bare	f710badafcd0	not-a-launch	no-change
tools/codex-tool-surface-probe.ps1	193	bare	b5c1af0e7ceb	not-a-launch	no-change
tools/codex-tool-surface-probe.ps1	209	bare	2cf51c841084	not-a-launch	no-change
tools/kimi-lane-lock.ps1	1	bare	30775d7f4fbd	not-a-launch	no-change
tools/kimi-lane-lock.ps1	872	bare	d0fa016775b7	not-a-launch	no-change
tools/new-kimi-lane-home.ps1	1	bare	9ca9a237079b	not-a-launch	no-change
tools/new-kimi-lane-home.ps1	17	bare	fea2a3ec0a09	not-a-launch	no-change
tools/new-kimi-lane-home.ps1	143	bare	d8b5c824ffe1	not-a-launch	no-change
tools/new-kimi-lane-home.ps1	152	bare	d78bae487406	not-a-launch	no-change
tools/new-kimi-lane-home.ps1	691	bare	27e32e10a36b	launch-nonhost	no-change
tools/new-kimi-lane-home.ps1	744	bare	6538f4b56411	not-a-launch	no-change
tools/new-kimi-lane-login.ps1	1	bare	3a9cfc4fe832	not-a-launch	no-change
tools/new-kimi-lane-login.ps1	28	bare	d1fed7a3cac6	not-a-launch	no-change
tools/new-kimi-lane-login.ps1	34	bare	1c5d8a16e7ef	not-a-launch	no-change
tools/new-kimi-lane-login.ps1	214	bare	d78bae487406	not-a-launch	no-change
tools/new-kimi-lane-login.ps1	442	bare	e4eaf4cbf8ae	launch-nonhost	no-change
tools/new-review-mirror.ps1	1	bare	9ff31ea5ed2e	not-a-launch	no-change
tools/new-review-mirror.ps1	31	bare	ce75ecea1c92	not-a-launch	no-change
tools/new-review-mirror.ps1	388	bare	141242749bfe	launch-nonhost	no-change
tools/new-review-mirror.ps1	507	bare	1d7c6d6228c5	launch-nonhost	no-change
tools/new-review-mirror.ps1	964	bare	4fef1306ff50	launch-nonhost	no-change
tools/new-review-mirror.ps1	1077	bare	54c3816c59e5	launch-nonhost	no-change
tools/new-review-mirror.ps1	1083	bare	b582ceeece6a	launch-nonhost	no-change
tools/new-review-mirror.ps1	1106	bare	446a5fc8ae87	launch-nonhost	no-change
tools/new-review-mirror.ps1	1147	bare	9fefda81ed05	launch-inherit	no-change
tools/plant-home-skill-canary.ps1	1	bare	50179902249c	not-a-launch	no-change
tools/plant-home-skill-canary.ps1	178	bare	ba20d7042906	not-a-launch	no-change
tools/read-codex-round-evidence.ps1	1	bare	5cb55a8dcfae	not-a-launch	no-change
tools/read-codex-round-evidence.ps1	6	bare	6e3ce079d250	not-a-launch	no-change
tools/read-kimi-credential-state.ps1	1	bare	5af9d4c0a960	not-a-launch	no-change
tools/read-kimi-round-evidence.ps1	1	bare	8956e7ca44f5	not-a-launch	no-change
tools/read-kimi-round-evidence.ps1	129	bare	22543843b3c7	not-a-launch	no-change
tools/read-kimi-round-evidence.ps1	221	bare	d014d9173b66	not-a-launch	no-change
tools/verify-attestation.ps1	1	bare	02a095fc29b4	not-a-launch	no-change
tools/verify-attestation.ps1	138	bare	c86136db3a90	launch-nonhost	no-change
tools/verify-attestation.ps1	156	bare	6fa337322e58	launch-nonhost	no-change
tools/verify-attestation.ps1	162	bare	8b99ba0e7422	launch-nonhost	no-change
tools/verify-attestation.ps1	171	bare	87f603648f8d	launch-nonhost	no-change
tools/verify-attestation.ps1	201	bare	740672dacf6e	launch-nonhost	no-change
tools/verify-attestation.ps1	202	bare	6db8c26ecc3a	launch-nonhost	no-change
tools/write-attestation.ps1	1	bare	101226d6d350	not-a-launch	no-change
tools/write-attestation.ps1	41	bare	0ca4608603c3	launch-nonhost	no-change
tools/write-attestation.ps1	49	bare	6fa337322e58	launch-nonhost	no-change
tools/write-attestation.ps1	56	bare	8b99ba0e7422	launch-nonhost	no-change
tools/write-attestation.ps1	108	bare	2ff4fabe8108	launch-nonhost	no-change
docs/superpowers/plans/rounds/2026-08-22-item48-pwsh7-feasibility/reexec/parent-named.ps1	27	bare	68cd0bdd395c	test-harness	no-change
docs/superpowers/plans/rounds/2026-08-22-item48-pwsh7-feasibility/reexec/parent-named.ps1	27	launch	68cd0bdd395c	test-harness	no-change
docs/superpowers/plans/rounds/2026-08-22-item48-pwsh7-feasibility/reexec/parent-named.ps1	29	launch	327b2c995cc3	test-harness	no-change
docs/superpowers/plans/rounds/2026-08-22-item48-pwsh7-feasibility/reexec/parent-named.ps1	31	launch	9d3e9fb3b8cf	test-harness	no-change
docs/superpowers/plans/rounds/2026-08-22-item48-pwsh7-feasibility/reexec/parent-named.ps1	35	launch	fa03eff0cc15	test-harness	no-change
docs/superpowers/plans/rounds/2026-08-22-item48-pwsh7-feasibility/reexec/parent.ps1	16	bare	a338a48c7c47	test-harness	no-change
docs/superpowers/plans/rounds/2026-08-22-item48-pwsh7-feasibility/reexec/parent.ps1	16	launch	a338a48c7c47	test-harness	no-change
docs/superpowers/plans/rounds/2026-08-22-item48-pwsh7-feasibility/reexec/parent.ps1	18	launch	327b2c995cc3	test-harness	no-change
docs/superpowers/plans/rounds/2026-08-22-item48-pwsh7-feasibility/reexec/parent.ps1	20	launch	9d3e9fb3b8cf	test-harness	no-change
docs/superpowers/plans/rounds/2026-08-22-item48-pwsh7-feasibility/reexec/parent.ps1	24	launch	fa03eff0cc15	test-harness	no-change
docs/superpowers/plans/rounds/2026-08-22-item48-pwsh7-feasibility/reexec/run.py	9	launch	d71138293a43	not-a-launch	no-change
docs/superpowers/plans/rounds/2026-08-22-item48-pwsh7-feasibility/reexec/run.py	22	host	e3d963021684	host-pin-nonexec	no-change
docs/superpowers/plans/rounds/2026-08-22-item48-pwsh7-feasibility/reexec/run.py	23	host	b89a522e4906	host-pin-nonexec	no-change
docs/superpowers/plans/rounds/2026-08-22-item48-pwsh7-feasibility/reexec/run.py	35	bare	2ee6f1b06bbe	fixture	no-change
docs/superpowers/plans/rounds/2026-08-22-item48-pwsh7-feasibility/reexec/run.py	63	host	c60cc0fcec39	host-pin-nonexec	no-change
docs/superpowers/plans/rounds/2026-08-22-item48-pwsh7-feasibility/reexec/run.py	66	launch	6f83cb40c9a3	test-harness	no-change
docs/superpowers/plans/rounds/2026-08-22-item48-pwsh7-feasibility/reexec/run.py	67	launch	12c5a12c13bc	test-harness	no-change
docs/superpowers/plans/rounds/2026-08-22-item48-pwsh7-feasibility/reexec/run.py	112	host	c60cc0fcec39	host-pin-nonexec	no-change
docs/superpowers/plans/rounds/2026-08-22-item48-pwsh7-feasibility/reexec/run.py	115	launch	6f83cb40c9a3	test-harness	no-change
docs/superpowers/plans/rounds/2026-08-22-item48-pwsh7-feasibility/reexec/run.py	116	launch	12c5a12c13bc	test-harness	no-change
docs/superpowers/plans/rounds/2026-08-22-item48-pwsh7-feasibility/reexec/run.py	179	host	c07dd1758ab4	host-pin-nonexec	no-change
docs/superpowers/plans/rounds/2026-08-22-item48-pwsh7-feasibility/missing-pwsh/probe.py	2	host	ff6fa2f2ed71	not-a-launch	no-change
docs/superpowers/plans/rounds/2026-08-22-item48-pwsh7-feasibility/missing-pwsh/probe.py	4	host	4a8cc9c6951c	not-a-launch	no-change
docs/superpowers/plans/rounds/2026-08-22-item48-pwsh7-feasibility/missing-pwsh/probe.py	6	host	f0d94e317c32	not-a-launch	no-change
docs/superpowers/plans/rounds/2026-08-22-item48-pwsh7-feasibility/missing-pwsh/probe.py	27	host	87df9b259666	host-pin-nonexec	no-change
docs/superpowers/plans/rounds/2026-08-22-item48-pwsh7-feasibility/missing-pwsh/probe.py	37	host	28fa39a86803	host-pin-nonexec	no-change
docs/superpowers/plans/rounds/2026-08-22-item48-pwsh7-feasibility/missing-pwsh/probe.py	39	host	e698b4cfd737	host-pin-nonexec	no-change
docs/superpowers/plans/rounds/2026-08-22-item48-pwsh7-feasibility/missing-pwsh/probe.py	49	host	719cd0ae4888	not-a-launch	no-change
docs/superpowers/plans/rounds/2026-08-22-item48-pwsh7-feasibility/missing-pwsh/probe.py	56	host	ba4f4e38368b	not-a-launch	no-change
docs/superpowers/plans/rounds/2026-08-22-item48-pwsh7-feasibility/missing-pwsh/probe.py	56	launch	ba4f4e38368b	not-a-launch	no-change
docs/superpowers/plans/rounds/2026-08-22-item48-pwsh7-feasibility/missing-pwsh/probe.py	61	host	3ac513f8ec11	host-pin-exec	no-change
docs/superpowers/plans/rounds/2026-08-22-item48-pwsh7-feasibility/missing-pwsh/probe.py	62	launch	e35a4094ec11	test-harness	no-change
docs/superpowers/plans/rounds/2026-08-22-item48-pwsh7-feasibility/missing-pwsh/probe.py	70	launch	6f83cb40c9a3	test-harness	no-change
